po_id,plant_id,supplier_id,supplier_name,part_no,part_desc,quantity,received_qty,short_shipment,order_ts,promised_delivery_ts,carrier,last_event,current_eta_ts,scan_ts,effective_arrival_ts,delivery_status,slip_hours,risk_level,risk_threshold_hours,processed_ts
PO-100119,munich,SUP-1005,Hella,PN-HRN-400,Wiring harness,144,144.0,False,2026-02-13 06:00:00,2026-02-16 06:00:00,DSV,AT_HUB,2026-02-17 00:00:00,2026-02-17 00:00:00,2026-02-17 00:00:00,ARRIVED,18.0,LATE,12.0,2026-03-02T06:00:00
PO-100125,munich,SUP-1003,ZF Friedrichshafen,PN-ALT-200,Alternator,48,48.0,False,2026-02-13 10:00:00,2026-02-16 10:00:00,DSV,AT_HUB,2026-02-16 10:00:00,2026-02-16 07:00:00,2026-02-16 07:00:00,ARRIVED,-3.0,ON_TIME,12.0,2026-03-02T06:00:00
PO-100088,munich,SUP-1004,Mahle,PN-LMP-500,Headlamp module,24,24.0,False,2026-02-13 13:00:00,2026-02-16 13:00:00,DHL Freight,IN_TRANSIT,2026-02-16 13:00:00,2026-02-16 12:00:00,2026-02-16 12:00:00,ARRIVED,-1.0,ON_TIME,12.0,2026-03-02T06:00:00
PO-100122,munich,SUP-1004,Mahle,PN-ALT-200,Alternator,24,24.0,False,2026-02-13 15:00:00,2026-02-16 15:00:00,DSV,OUT_FOR_DELIVERY,2026-02-16 15:00:00,2026-02-16 14:00:00,2026-02-16 14:00:00,ARRIVED,-1.0,ON_TIME,12.0,2026-03-02T06:00:00
PO-100260,munich,SUP-1004,Mahle,PN-BRK-100,Brake caliper,144,144.0,False,2026-02-13 15:00:00,2026-02-16 15:00:00,DHL Freight,AT_HUB,2026-02-16 15:00:00,2026-02-16 11:00:00,2026-02-16 11:00:00,ARRIVED,-4.0,ON_TIME,12.0,2026-03-02T06:00:00
PO-100262,munich,SUP-1005,Hella,PN-LMP-500,Headlamp module,24,24.0,False,2026-02-14 06:00:00,2026-02-17 06:00:00,DHL Freight,AT_HUB,2026-02-17 06:00:00,2026-02-17 06:00:00,2026-02-17 06:00:00,ARRIVED,0.0,ON_TIME,12.0,2026-03-02T06:00:00
PO-100378,munich,SUP-1001,Bosch,PN-HRN-400,Wiring harness,48,48.0,False,2026-02-14 06:00:00,2026-02-17 06:00:00,DHL Freight,IN_TRANSIT,2026-02-17 06:00:00,2026-02-17 02:00:00,2026-02-17 02:00:00,ARRIVED,-4.0,ON_TIME,12.0,2026-03-02T06:00:00
PO-100296,munich,SUP-1002,Continental,PN-ALT-200,Alternator,96,96.0,False,2026-02-14 07:00:00,2026-02-17 07:00:00,DSV,PICKED_UP,2026-02-17 07:00:00,2026-02-17 03:00:00,2026-02-17 03:00:00,ARRIVED,-4.0,ON_TIME,12.0,2026-03-02T06:00:00
PO-100303,munich,SUP-1004,Mahle,PN-BRK-100,Brake caliper,48,48.0,False,2026-02-14 08:00:00,2026-02-17 08:00:00,DB Schenker,OUT_FOR_DELIVERY,2026-02-17 08:00:00,2026-02-17 09:00:00,2026-02-17 09:00:00,ARRIVED,1.0,ON_TIME,12.0,2026-03-02T06:00:00
PO-100244,munich,SUP-1003,ZF Friedrichshafen,PN-HRN-400,Wiring harness,12,12.0,False,2026-02-14 09:00:00,2026-02-17 09:00:00,Kuehne+Nagel,IN_TRANSIT,2026-02-17 09:00:00,2026-02-17 09:00:00,2026-02-17 09:00:00,ARRIVED,0.0,ON_TIME,12.0,2026-03-02T06:00:00
PO-100460,munich,SUP-1002,Continental,PN-HRN-400,Wiring harness,12,12.0,False,2026-02-13 09:00:00,2026-02-17 09:00:00,DB Schenker,OUT_FOR_DELIVERY,2026-02-17 09:00:00,2026-02-17 07:00:00,2026-02-17 07:00:00,ARRIVED,-2.0,ON_TIME,12.0,2026-03-02T06:00:00
PO-100252,munich,SUP-1003,ZF Friedrichshafen,PN-LMP-500,Headlamp module,12,12.0,False,2026-02-13 10:00:00,2026-02-17 10:00:00,DB Schenker,IN_TRANSIT,2026-02-17 10:00:00,2026-02-17 08:00:00,2026-02-17 08:00:00,ARRIVED,-2.0,ON_TIME,12.0,2026-03-02T06:00:00
PO-100231,munich,SUP-1005,Hella,PN-LMP-500,Headlamp module,24,24.0,False,2026-02-14 11:00:00,2026-02-17 11:00:00,DHL Freight,PICKED_UP,2026-02-17 11:00:00,2026-02-17 07:00:00,2026-02-17 07:00:00,ARRIVED,-4.0,ON_TIME,12.0,2026-03-02T06:00:00
PO-100076,munich,SUP-1001,Bosch,PN-BRK-100,Brake caliper,12,12.0,False,2026-02-14 12:00:00,2026-02-17 12:00:00,DHL Freight,AT_HUB,2026-02-17 12:00:00,2026-02-17 11:00:00,2026-02-17 11:00:00,ARRIVED,-1.0,ON_TIME,12.0,2026-03-02T06:00:00
PO-100242,munich,SUP-1004,Mahle,PN-HRN-400,Wiring harness,48,48.0,False,2026-02-14 13:00:00,2026-02-17 13:00:00,,,,2026-02-18 14:00:00,2026-02-18 14:00:00,ARRIVED,25.0,LATE,12.0,2026-03-02T06:00:00
PO-100126,munich,SUP-1005,Hella,PN-ALT-200,Alternator,24,24.0,False,2026-02-13 14:00:00,2026-02-17 14:00:00,DSV,PICKED_UP,2026-02-17 16:00:00,2026-02-17 13:00:00,2026-02-17 13:00:00,ARRIVED,-1.0,ON_TIME,12.0,2026-03-02T06:00:00
PO-100187,munich,SUP-1001,Bosch,PN-LMP-500,Headlamp module,48,48.0,False,2026-02-14 14:00:00,2026-02-17 14:00:00,DSV,AT_HUB,2026-02-17 14:00:00,2026-02-17 10:00:00,2026-02-17 10:00:00,ARRIVED,-4.0,ON_TIME,12.0,2026-03-02T06:00:00
PO-100316,munich,SUP-1001,Bosch,PN-SNS-300,Wheel speed sensor,144,144.0,False,2026-02-13 14:00:00,2026-02-17 14:00:00,DB Schenker,AT_HUB,2026-02-17 14:00:00,2026-02-17 14:00:00,2026-02-17 14:00:00,ARRIVED,0.0,ON_TIME,12.0,2026-03-02T06:00:00
PO-100487,munich,SUP-1003,ZF Friedrichshafen,PN-LMP-500,Headlamp module,48,48.0,False,2026-02-13 14:00:00,2026-02-17 14:00:00,Kuehne+Nagel,IN_TRANSIT,2026-02-17 14:00:00,2026-02-17 13:00:00,2026-02-17 13:00:00,ARRIVED,-1.0,ON_TIME,12.0,2026-03-02T06:00:00
PO-100388,munich,SUP-1005,Hella,PN-ALT-200,Alternator,24,24.0,False,2026-02-14 14:00:00,2026-02-17 14:00:00,DB Schenker,PICKED_UP,2026-02-17 14:00:00,2026-02-17 11:00:00,2026-02-17 11:00:00,ARRIVED,-3.0,ON_TIME,12.0,2026-03-02T06:00:00
PO-100335,munich,SUP-1002,Continental,PN-HRN-400,Wiring harness,96,,False,2026-02-14 14:00:00,2026-02-17 14:00:00,DB Schenker,AT_HUB,2026-02-17 14:00:00,,2026-02-17 14:00:00,IN_TRANSIT,0.0,LOW,12.0,2026-03-02T06:00:00
PO-100452,munich,SUP-1001,Bosch,PN-BRK-100,Brake caliper,144,144.0,False,2026-02-13 06:00:00,2026-02-18 06:00:00,DHL Freight,OUT_FOR_DELIVERY,2026-02-18 06:00:00,2026-02-18 06:00:00,2026-02-18 06:00:00,ARRIVED,0.0,ON_TIME,12.0,2026-03-02T06:00:00
PO-100389,munich,SUP-1004,Mahle,PN-HRN-400,Wiring harness,24,24.0,False,2026-02-15 06:00:00,2026-02-18 06:00:00,Kuehne+Nagel,PICKED_UP,2026-02-18 06:00:00,2026-02-18 06:00:00,2026-02-18 06:00:00,ARRIVED,0.0,ON_TIME,12.0,2026-03-02T06:00:00
PO-100363,munich,SUP-1002,Continental,PN-ALT-200,Alternator,12,12.0,False,2026-02-14 06:00:00,2026-02-18 06:00:00,DB Schenker,OUT_FOR_DELIVERY,2026-02-18 06:00:00,2026-02-18 06:00:00,2026-02-18 06:00:00,ARRIVED,0.0,ON_TIME,12.0,2026-03-02T06:00:00
PO-100323,munich,SUP-1003,ZF Friedrichshafen,PN-ALT-200,Alternator,12,12.0,False,2026-02-14 06:00:00,2026-02-18 06:00:00,Kuehne+Nagel,PICKED_UP,2026-02-18 06:00:00,2026-02-18 02:00:00,2026-02-18 02:00:00,ARRIVED,-4.0,ON_TIME,12.0,2026-03-02T06:00:00
PO-100467,munich,SUP-1002,Continental,PN-BRK-100,Brake caliper,24,24.0,False,2026-02-14 06:00:00,2026-02-18 06:00:00,DB Schenker,AT_HUB,2026-02-18 06:00:00,2026-02-18 05:00:00,2026-02-18 05:00:00,ARRIVED,-1.0,ON_TIME,12.0,2026-03-02T06:00:00
PO-100258,munich,SUP-1002,Continental,PN-SNS-300,Wheel speed sensor,144,144.0,False,2026-02-14 07:00:00,2026-02-18 07:00:00,DHL Freight,PICKED_UP,2026-02-18 07:00:00,2026-02-18 07:00:00,2026-02-18 07:00:00,ARRIVED,0.0,ON_TIME,12.0,2026-03-02T06:00:00
PO-100115,munich,SUP-1003,ZF Friedrichshafen,PN-HRN-400,Wiring harness,24,24.0,False,2026-02-15 07:00:00,2026-02-18 07:00:00,DB Schenker,AT_HUB,2026-02-18 07:00:00,2026-02-18 04:00:00,2026-02-18 04:00:00,ARRIVED,-3.0,ON_TIME,12.0,2026-03-02T06:00:00
PO-100390,munich,SUP-1001,Bosch,PN-HRN-400,Wiring harness,144,144.0,False,2026-02-14 07:00:00,2026-02-18 07:00:00,DB Schenker,IN_TRANSIT,2026-02-18 07:00:00,2026-02-18 03:00:00,2026-02-18 03:00:00,ARRIVED,-4.0,ON_TIME,12.0,2026-03-02T06:00:00
PO-100072,munich,SUP-1002,Continental,PN-LMP-500,Headlamp module,48,48.0,False,2026-02-13 08:00:00,2026-02-18 08:00:00,DHL Freight,OUT_FOR_DELIVERY,2026-02-20 08:00:00,2026-02-20 08:00:00,2026-02-20 08:00:00,ARRIVED,48.0,LATE,12.0,2026-03-02T06:00:00
PO-100131,munich,SUP-1003,ZF Friedrichshafen,PN-LMP-500,Headlamp module,144,144.0,False,2026-02-13 10:00:00,2026-02-18 10:00:00,DB Schenker,IN_TRANSIT,2026-02-18 11:00:00,2026-02-18 10:00:00,2026-02-18 10:00:00,ARRIVED,0.0,ON_TIME,12.0,2026-03-02T06:00:00
PO-100299,munich,SUP-1003,ZF Friedrichshafen,PN-HRN-400,Wiring harness,48,48.0,False,2026-02-15 10:00:00,2026-02-18 10:00:00,DSV,OUT_FOR_DELIVERY,2026-02-18 22:00:00,2026-02-18 23:00:00,2026-02-18 23:00:00,ARRIVED,13.0,LATE,12.0,2026-03-02T06:00:00
PO-100206,munich,SUP-1001,Bosch,PN-BRK-100,Brake caliper,48,48.0,False,2026-02-13 11:00:00,2026-02-18 11:00:00,DB Schenker,PICKED_UP,2026-02-18 12:00:00,2026-02-18 12:00:00,2026-02-18 12:00:00,ARRIVED,1.0,ON_TIME,12.0,2026-03-02T06:00:00
PO-100449,munich,SUP-1005,Hella,PN-SNS-300,Wheel speed sensor,24,24.0,False,2026-02-14 11:00:00,2026-02-18 11:00:00,DSV,IN_TRANSIT,2026-02-18 14:00:00,2026-02-18 15:00:00,2026-02-18 15:00:00,ARRIVED,4.0,LATE,12.0,2026-03-02T06:00:00
PO-100204,munich,SUP-1005,Hella,PN-BRK-100,Brake caliper,96,96.0,False,2026-02-15 11:00:00,2026-02-18 11:00:00,DHL Freight,PICKED_UP,2026-02-18 11:00:00,2026-02-18 11:00:00,2026-02-18 11:00:00,ARRIVED,0.0,ON_TIME,12.0,2026-03-02T06:00:00
PO-100306,munich,SUP-1005,Hella,PN-HRN-400,Wiring harness,144,144.0,False,2026-02-15 11:00:00,2026-02-18 11:00:00,Kuehne+Nagel,PICKED_UP,2026-02-18 11:00:00,2026-02-18 11:00:00,2026-02-18 11:00:00,ARRIVED,0.0,ON_TIME,12.0,2026-03-02T06:00:00
PO-100016,munich,SUP-1001,Bosch,PN-ALT-200,Alternator,96,96.0,False,2026-02-13 12:00:00,2026-02-18 12:00:00,DSV,AT_HUB,2026-02-18 12:00:00,2026-02-18 12:00:00,2026-02-18 12:00:00,ARRIVED,0.0,ON_TIME,12.0,2026-03-02T06:00:00
PO-100070,munich,SUP-1003,ZF Friedrichshafen,PN-LMP-500,Headlamp module,48,48.0,False,2026-02-13 12:00:00,2026-02-18 12:00:00,DB Schenker,AT_HUB,2026-02-18 14:00:00,2026-02-18 15:00:00,2026-02-18 15:00:00,ARRIVED,3.0,LATE,12.0,2026-03-02T06:00:00
PO-100492,munich,SUP-1001,Bosch,PN-SNS-300,Wheel speed sensor,96,96.0,False,2026-02-15 12:00:00,2026-02-18 12:00:00,DHL Freight,IN_TRANSIT,2026-02-18 12:00:00,2026-02-18 10:00:00,2026-02-18 10:00:00,ARRIVED,-2.0,ON_TIME,12.0,2026-03-02T06:00:00
PO-100212,munich,SUP-1002,Continental,PN-BRK-100,Brake caliper,96,96.0,False,2026-02-14 12:00:00,2026-02-18 12:00:00,Kuehne+Nagel,PICKED_UP,2026-02-18 12:00:00,2026-02-18 12:00:00,2026-02-18 12:00:00,ARRIVED,0.0,ON_TIME,12.0,2026-03-02T06:00:00
PO-100108,munich,SUP-1002,Continental,PN-BRK-100,Brake caliper,96,96.0,False,2026-02-15 13:00:00,2026-02-18 13:00:00,Kuehne+Nagel,AT_HUB,2026-02-18 13:00:00,2026-02-18 13:00:00,2026-02-18 13:00:00,ARRIVED,0.0,ON_TIME,12.0,2026-03-02T06:00:00
PO-100086,munich,SUP-1005,Hella,PN-SNS-300,Wheel speed sensor,48,,False,2026-02-15 13:00:00,2026-02-18 13:00:00,DHL Freight,OUT_FOR_DELIVERY,2026-02-18 13:00:00,,2026-02-18 13:00:00,IN_TRANSIT,0.0,LOW,12.0,2026-03-02T06:00:00
PO-100488,munich,SUP-1003,ZF Friedrichshafen,PN-SNS-300,Wheel speed sensor,24,24.0,False,2026-02-15 13:00:00,2026-02-18 13:00:00,DSV,IN_TRANSIT,2026-02-18 13:00:00,2026-02-18 12:00:00,2026-02-18 12:00:00,ARRIVED,-1.0,ON_TIME,12.0,2026-03-02T06:00:00
PO-100377,munich,SUP-1001,Bosch,PN-SNS-300,Wheel speed sensor,48,48.0,False,2026-02-15 13:00:00,2026-02-18 13:00:00,DB Schenker,PICKED_UP,2026-02-18 13:00:00,2026-02-18 12:00:00,2026-02-18 12:00:00,ARRIVED,-1.0,ON_TIME,12.0,2026-03-02T06:00:00
PO-100420,munich,SUP-1002,Continental,PN-ALT-200,Alternator,48,48.0,False,2026-02-15 14:00:00,2026-02-18 14:00:00,DSV,OUT_FOR_DELIVERY,2026-02-18 15:00:00,2026-02-18 12:00:00,2026-02-18 12:00:00,ARRIVED,-2.0,ON_TIME,12.0,2026-03-02T06:00:00
PO-100273,munich,SUP-1005,Hella,PN-LMP-500,Headlamp module,24,24.0,False,2026-02-15 14:00:00,2026-02-18 14:00:00,DB Schenker,AT_HUB,2026-02-18 15:00:00,2026-02-18 15:00:00,2026-02-18 15:00:00,ARRIVED,1.0,ON_TIME,12.0,2026-03-02T06:00:00
PO-100073,munich,SUP-1005,Hella,PN-ALT-200,Alternator,144,144.0,False,2026-02-13 14:00:00,2026-02-18 14:00:00,DSV,OUT_FOR_DELIVERY,2026-02-18 14:00:00,2026-02-18 14:00:00,2026-02-18 14:00:00,ARRIVED,0.0,ON_TIME,12.0,2026-03-02T06:00:00
PO-100406,munich,SUP-1001,Bosch,PN-HRN-400,Wiring harness,12,12.0,False,2026-02-15 14:00:00,2026-02-18 14:00:00,DSV,AT_HUB,2026-02-18 14:00:00,2026-02-18 11:00:00,2026-02-18 11:00:00,ARRIVED,-3.0,ON_TIME,12.0,2026-03-02T06:00:00
PO-100222,munich,SUP-1004,Mahle,PN-LMP-500,Headlamp module,12,12.0,False,2026-02-13 14:00:00,2026-02-18 14:00:00,DHL Freight,AT_HUB,2026-02-18 14:00:00,2026-02-18 15:00:00,2026-02-18 15:00:00,ARRIVED,1.0,ON_TIME,12.0,2026-03-02T06:00:00
PO-100079,munich,SUP-1001,Bosch,PN-ALT-200,Alternator,12,12.0,False,2026-02-14 14:00:00,2026-02-18 14:00:00,Kuehne+Nagel,PICKED_UP,2026-02-18 14:00:00,2026-02-18 15:00:00,2026-02-18 15:00:00,ARRIVED,1.0,ON_TIME,12.0,2026-03-02T06:00:00
PO-100384,munich,SUP-1001,Bosch,PN-HRN-400,Wiring harness,144,144.0,False,2026-02-15 15:00:00,2026-02-18 15:00:00,DB Schenker,AT_HUB,2026-02-18 17:00:00,2026-02-18 15:00:00,2026-02-18 15:00:00,ARRIVED,0.0,ON_TIME,12.0,2026-03-02T06:00:00
PO-100078,munich,SUP-1005,Hella,PN-LMP-500,Headlamp module,144,144.0,False,2026-02-13 15:00:00,2026-02-18 15:00:00,Kuehne+Nagel,AT_HUB,2026-02-19 09:00:00,2026-02-19 06:00:00,2026-02-19 06:00:00,ARRIVED,15.0,LATE,12.0,2026-03-02T06:00:00
PO-100099,munich,SUP-1002,Continental,PN-SNS-300,Wheel speed sensor,96,96.0,False,2026-02-13 15:00:00,2026-02-18 15:00:00,DHL Freight,PICKED_UP,2026-02-18 15:00:00,2026-02-18 11:00:00,2026-02-18 11:00:00,ARRIVED,-4.0,ON_TIME,12.0,2026-03-02T06:00:00
PO-100065,munich,SUP-1001,Bosch,PN-SNS-300,Wheel speed sensor,96,96.0,False,2026-02-13 15:00:00,2026-02-18 15:00:00,DSV,IN_TRANSIT,2026-02-18 17:00:00,2026-02-18 15:00:00,2026-02-18 15:00:00,ARRIVED,0.0,ON_TIME,12.0,2026-03-02T06:00:00
PO-100496,munich,SUP-1004,Mahle,PN-LMP-500,Headlamp module,96,96.0,False,2026-02-13 06:00:00,2026-02-19 06:00:00,DB Schenker,OUT_FOR_DELIVERY,2026-02-19 06:00:00,2026-02-19 07:00:00,2026-02-19 07:00:00,ARRIVED,1.0,ON_TIME,12.0,2026-03-02T06:00:00
PO-100482,munich,SUP-1003,ZF Friedrichshafen,PN-HRN-400,Wiring harness,144,144.0,False,2026-02-14 06:00:00,2026-02-19 06:00:00,DHL Freight,PICKED_UP,2026-02-19 06:00:00,2026-02-19 03:00:00,2026-02-19 03:00:00,ARRIVED,-3.0,ON_TIME,12.0,2026-03-02T06:00:00
PO-100427,munich,SUP-1003,ZF Friedrichshafen,PN-LMP-500,Headlamp module,144,144.0,False,2026-02-13 06:00:00,2026-02-19 06:00:00,DSV,PICKED_UP,2026-02-19 08:00:00,2026-02-19 08:00:00,2026-02-19 08:00:00,ARRIVED,2.0,ON_TIME,12.0,2026-03-02T06:00:00
PO-100074,munich,SUP-1001,Bosch,PN-SNS-300,Wheel speed sensor,144,144.0,False,2026-02-15 07:00:00,2026-02-19 07:00:00,Kuehne+Nagel,OUT_FOR_DELIVERY,2026-02-19 07:00:00,2026-02-19 03:00:00,2026-02-19 03:00:00,ARRIVED,-4.0,ON_TIME,12.0,2026-03-02T06:00:00
PO-100441,munich,SUP-1002,Continental,PN-HRN-400,Wiring harness,24,24.0,False,2026-02-15 07:00:00,2026-02-19 07:00:00,DHL Freight,AT_HUB,2026-02-19 07:00:00,2026-02-19 07:00:00,2026-02-19 07:00:00,ARRIVED,0.0,ON_TIME,12.0,2026-03-02T06:00:00
PO-100464,munich,SUP-1005,Hella,PN-BRK-100,Brake caliper,144,144.0,False,2026-02-13 07:00:00,2026-02-19 07:00:00,DHL Freight,AT_HUB,2026-02-19 19:00:00,2026-02-19 18:00:00,2026-02-19 18:00:00,ARRIVED,11.0,LATE,12.0,2026-03-02T06:00:00
PO-100458,munich,SUP-1001,Bosch,PN-SNS-300,Wheel speed sensor,24,24.0,False,2026-02-13 07:00:00,2026-02-19 07:00:00,Kuehne+Nagel,PICKED_UP,2026-02-19 07:00:00,2026-02-19 06:00:00,2026-02-19 06:00:00,ARRIVED,-1.0,ON_TIME,12.0,2026-03-02T06:00:00
PO-100037,munich,SUP-1005,Hella,PN-BRK-100,Brake caliper,48,48.0,False,2026-02-16 07:00:00,2026-02-19 07:00:00,DHL Freight,IN_TRANSIT,2026-02-19 07:00:00,2026-02-19 03:00:00,2026-02-19 03:00:00,ARRIVED,-4.0,ON_TIME,12.0,2026-03-02T06:00:00
PO-100465,munich,SUP-1003,ZF Friedrichshafen,PN-SNS-300,Wheel speed sensor,24,,False,2026-02-16 08:00:00,2026-02-19 08:00:00,DHL Freight,OUT_FOR_DELIVERY,2026-02-19 08:00:00,,2026-02-19 08:00:00,IN_TRANSIT,0.0,LOW,12.0,2026-03-02T06:00:00
PO-100023,munich,SUP-1003,ZF Friedrichshafen,PN-BRK-100,Brake caliper,48,48.0,False,2026-02-16 09:00:00,2026-02-19 09:00:00,DB Schenker,IN_TRANSIT,2026-02-19 09:00:00,2026-02-19 10:00:00,2026-02-19 10:00:00,ARRIVED,1.0,ON_TIME,12.0,2026-03-02T06:00:00
PO-100245,munich,SUP-1001,Bosch,PN-SNS-300,Wheel speed sensor,144,,False,2026-02-16 09:00:00,2026-02-19 09:00:00,DB Schenker,PICKED_UP,2026-02-19 09:00:00,,2026-02-19 09:00:00,IN_TRANSIT,0.0,LOW,12.0,2026-03-02T06:00:00
PO-100044,munich,SUP-1003,ZF Friedrichshafen,PN-SNS-300,Wheel speed sensor,24,24.0,False,2026-02-14 09:00:00,2026-02-19 09:00:00,DB Schenker,OUT_FOR_DELIVERY,2026-02-19 09:00:00,2026-02-19 10:00:00,2026-02-19 10:00:00,ARRIVED,1.0,ON_TIME,12.0,2026-03-02T06:00:00
PO-100331,munich,SUP-1005,Hella,PN-ALT-200,Alternator,144,144.0,False,2026-02-16 09:00:00,2026-02-19 09:00:00,DSV,OUT_FOR_DELIVERY,2026-02-19 09:00:00,2026-02-19 06:00:00,2026-02-19 06:00:00,ARRIVED,-3.0,ON_TIME,12.0,2026-03-02T06:00:00
PO-100289,munich,SUP-1004,Mahle,PN-SNS-300,Wheel speed sensor,12,12.0,False,2026-02-13 09:00:00,2026-02-19 09:00:00,Kuehne+Nagel,AT_HUB,2026-02-19 09:00:00,2026-02-19 07:00:00,2026-02-19 07:00:00,ARRIVED,-2.0,ON_TIME,12.0,2026-03-02T06:00:00
PO-100269,munich,SUP-1002,Continental,PN-HRN-400,Wiring harness,48,48.0,False,2026-02-13 09:00:00,2026-02-19 09:00:00,DB Schenker,OUT_FOR_DELIVERY,2026-02-19 09:00:00,2026-02-19 05:00:00,2026-02-19 05:00:00,ARRIVED,-4.0,ON_TIME,12.0,2026-03-02T06:00:00
PO-100049,munich,SUP-1003,ZF Friedrichshafen,PN-SNS-300,Wheel speed sensor,96,96.0,False,2026-02-14 09:00:00,2026-02-19 09:00:00,DB Schenker,IN_TRANSIT,2026-02-19 09:00:00,2026-02-19 07:00:00,2026-02-19 07:00:00,ARRIVED,-2.0,ON_TIME,12.0,2026-03-02T06:00:00
PO-100341,munich,SUP-1005,Hella,PN-SNS-300,Wheel speed sensor,12,12.0,False,2026-02-14 10:00:00,2026-02-19 10:00:00,DSV,OUT_FOR_DELIVERY,2026-02-19 10:00:00,2026-02-19 11:00:00,2026-02-19 11:00:00,ARRIVED,1.0,ON_TIME,12.0,2026-03-02T06:00:00
PO-100142,munich,SUP-1001,Bosch,PN-LMP-500,Headlamp module,24,24.0,False,2026-02-13 10:00:00,2026-02-19 10:00:00,DB Schenker,IN_TRANSIT,2026-02-19 10:00:00,2026-02-19 06:00:00,2026-02-19 06:00:00,ARRIVED,-4.0,ON_TIME,12.0,2026-03-02T06:00:00
PO-100453,munich,SUP-1005,Hella,PN-BRK-100,Brake caliper,144,144.0,False,2026-02-15 10:00:00,2026-02-19 10:00:00,DB Schenker,OUT_FOR_DELIVERY,2026-02-19 10:00:00,2026-02-19 08:00:00,2026-02-19 08:00:00,ARRIVED,-2.0,ON_TIME,12.0,2026-03-02T06:00:00
PO-100085,munich,SUP-1002,Continental,PN-ALT-200,Alternator,12,12.0,False,2026-02-15 10:00:00,2026-02-19 10:00:00,DHL Freight,OUT_FOR_DELIVERY,2026-02-19 10:00:00,2026-02-19 10:00:00,2026-02-19 10:00:00,ARRIVED,0.0,ON_TIME,12.0,2026-03-02T06:00:00
PO-100305,munich,SUP-1003,ZF Friedrichshafen,PN-HRN-400,Wiring harness,48,47.0,True,2026-02-16 11:00:00,2026-02-19 11:00:00,DSV,IN_TRANSIT,2026-02-19 11:00:00,2026-02-19 10:00:00,2026-02-19 10:00:00,ARRIVED,-1.0,ON_TIME,12.0,2026-03-02T06:00:00
PO-100197,munich,SUP-1001,Bosch,PN-SNS-300,Wheel speed sensor,96,96.0,False,2026-02-15 12:00:00,2026-02-19 12:00:00,DHL Freight,AT_HUB,2026-02-19 12:00:00,2026-02-19 11:00:00,2026-02-19 11:00:00,ARRIVED,-1.0,ON_TIME,12.0,2026-03-02T06:00:00
PO-100421,munich,SUP-1004,Mahle,PN-ALT-200,Alternator,144,144.0,False,2026-02-16 12:00:00,2026-02-19 12:00:00,DB Schenker,PICKED_UP,2026-02-19 12:00:00,2026-02-19 11:00:00,2026-02-19 11:00:00,ARRIVED,-1.0,ON_TIME,12.0,2026-03-02T06:00:00
PO-100325,munich,SUP-1001,Bosch,PN-HRN-400,Wiring harness,12,12.0,False,2026-02-14 12:00:00,2026-02-19 12:00:00,DHL Freight,OUT_FOR_DELIVERY,2026-02-19 12:00:00,2026-02-19 12:00:00,2026-02-19 12:00:00,ARRIVED,0.0,ON_TIME,12.0,2026-03-02T06:00:00
PO-100169,munich,SUP-1001,Bosch,PN-HRN-400,Wiring harness,144,144.0,False,2026-02-16 12:00:00,2026-02-19 12:00:00,DHL Freight,AT_HUB,2026-02-19 12:00:00,2026-02-19 08:00:00,2026-02-19 08:00:00,ARRIVED,-4.0,ON_TIME,12.0,2026-03-02T06:00:00
PO-100196,munich,SUP-1004,Mahle,PN-HRN-400,Wiring harness,96,96.0,False,2026-02-13 12:00:00,2026-02-19 12:00:00,Kuehne+Nagel,IN_TRANSIT,2026-02-19 12:00:00,2026-02-19 11:00:00,2026-02-19 11:00:00,ARRIVED,-1.0,ON_TIME,12.0,2026-03-02T06:00:00
PO-100304,munich,SUP-1004,Mahle,PN-ALT-200,Alternator,12,12.0,False,2026-02-16 13:00:00,2026-02-19 13:00:00,Kuehne+Nagel,IN_TRANSIT,2026-02-19 13:00:00,2026-02-19 13:00:00,2026-02-19 13:00:00,ARRIVED,0.0,ON_TIME,12.0,2026-03-02T06:00:00
PO-100374,munich,SUP-1004,Mahle,PN-BRK-100,Brake caliper,144,144.0,False,2026-02-14 13:00:00,2026-02-19 13:00:00,DHL Freight,PICKED_UP,2026-02-19 13:00:00,2026-02-19 14:00:00,2026-02-19 14:00:00,ARRIVED,1.0,ON_TIME,12.0,2026-03-02T06:00:00
PO-100433,munich,SUP-1003,ZF Friedrichshafen,PN-SNS-300,Wheel speed sensor,96,96.0,False,2026-02-16 13:00:00,2026-02-19 13:00:00,DHL Freight,IN_TRANSIT,2026-02-19 13:00:00,2026-02-19 09:00:00,2026-02-19 09:00:00,ARRIVED,-4.0,ON_TIME,12.0,2026-03-02T06:00:00
PO-100404,munich,SUP-1003,ZF Friedrichshafen,PN-SNS-300,Wheel speed sensor,24,24.0,False,2026-02-16 14:00:00,2026-02-19 14:00:00,DSV,PICKED_UP,2026-02-19 14:00:00,2026-02-19 15:00:00,2026-02-19 15:00:00,ARRIVED,1.0,ON_TIME,12.0,2026-03-02T06:00:00
PO-100382,munich,SUP-1002,Continental,PN-HRN-400,Wiring harness,96,96.0,False,2026-02-14 14:00:00,2026-02-19 14:00:00,DHL Freight,PICKED_UP,2026-02-19 14:00:00,2026-02-19 10:00:00,2026-02-19 10:00:00,ARRIVED,-4.0,ON_TIME,12.0,2026-03-02T06:00:00
PO-100311,munich,SUP-1004,Mahle,PN-ALT-200,Alternator,12,12.0,False,2026-02-13 15:00:00,2026-02-19 15:00:00,Kuehne+Nagel,IN_TRANSIT,2026-02-19 15:00:00,2026-02-19 11:00:00,2026-02-19 11:00:00,ARRIVED,-4.0,ON_TIME,12.0,2026-03-02T06:00:00
PO-100011,munich,SUP-1003,ZF Friedrichshafen,PN-ALT-200,Alternator,12,12.0,False,2026-02-16 15:00:00,2026-02-19 15:00:00,DB Schenker,AT_HUB,2026-02-20 15:00:00,2026-02-20 14:00:00,2026-02-20 14:00:00,ARRIVED,23.0,LATE,12.0,2026-03-02T06:00:00
PO-100457,munich,SUP-1003,ZF Friedrichshafen,PN-LMP-500,Headlamp module,144,144.0,False,2026-02-16 15:00:00,2026-02-19 15:00:00,DHL Freight,AT_HUB,2026-02-19 15:00:00,2026-02-19 11:00:00,2026-02-19 11:00:00,ARRIVED,-4.0,ON_TIME,12.0,2026-03-02T06:00:00
PO-100383,munich,SUP-1005,Hella,PN-HRN-400,Wiring harness,144,144.0,False,2026-02-15 15:00:00,2026-02-19 15:00:00,DHL Freight,IN_TRANSIT,2026-02-19 16:00:00,2026-02-19 12:00:00,2026-02-19 12:00:00,ARRIVED,-3.0,ON_TIME,12.0,2026-03-02T06:00:00
PO-100200,munich,SUP-1003,ZF Friedrichshafen,PN-LMP-500,Headlamp module,144,142.0,True,2026-02-15 15:00:00,2026-02-19 15:00:00,Kuehne+Nagel,PICKED_UP,2026-02-19 15:00:00,2026-02-19 15:00:00,2026-02-19 15:00:00,ARRIVED,0.0,ON_TIME,12.0,2026-03-02T06:00:00
PO-100412,munich,SUP-1001,Bosch,PN-SNS-300,Wheel speed sensor,96,96.0,False,2026-02-14 15:00:00,2026-02-19 15:00:00,DSV,AT_HUB,2026-02-19 15:00:00,2026-02-19 11:00:00,2026-02-19 11:00:00,ARRIVED,-4.0,ON_TIME,12.0,2026-03-02T06:00:00
PO-100429,munich,SUP-1003,ZF Friedrichshafen,PN-SNS-300,Wheel speed sensor,48,48.0,False,2026-02-13 06:00:00,2026-02-20 06:00:00,DHL Freight,OUT_FOR_DELIVERY,2026-02-21 00:00:00,2026-02-20 22:00:00,2026-02-20 22:00:00,ARRIVED,16.0,LATE,12.0,2026-03-02T06:00:00
PO-100365,munich,SUP-1005,Hella,PN-LMP-500,Headlamp module,48,48.0,False,2026-02-13 06:00:00,2026-02-20 06:00:00,DHL Freight,OUT_FOR_DELIVERY,2026-02-20 06:00:00,2026-02-20 06:00:00,2026-02-20 06:00:00,ARRIVED,0.0,ON_TIME,12.0,2026-03-02T06:00:00
PO-100109,munich,SUP-1002,Continental,PN-SNS-300,Wheel speed sensor,144,144.0,False,2026-02-16 07:00:00,2026-02-20 07:00:00,Kuehne+Nagel,IN_TRANSIT,2026-02-20 07:00:00,2026-02-20 03:00:00,2026-02-20 03:00:00,ARRIVED,-4.0,ON_TIME,12.0,2026-03-02T06:00:00
PO-100195,munich,SUP-1001,Bosch,PN-LMP-500,Headlamp module,144,144.0,False,2026-02-17 07:00:00,2026-02-20 07:00:00,DB Schenker,PICKED_UP,2026-02-20 07:00:00,2026-02-20 03:00:00,2026-02-20 03:00:00,ARRIVED,-4.0,ON_TIME,12.0,2026-03-02T06:00:00
PO-100287,munich,SUP-1003,ZF Friedrichshafen,PN-ALT-200,Alternator,12,12.0,False,2026-02-14 07:00:00,2026-02-20 07:00:00,DHL Freight,AT_HUB,2026-02-20 07:00:00,2026-02-20 07:00:00,2026-02-20 07:00:00,ARRIVED,0.0,ON_TIME,12.0,2026-03-02T06:00:00
PO-100003,munich,SUP-1002,Continental,PN-ALT-200,Alternator,48,48.0,False,2026-02-14 07:00:00,2026-02-20 07:00:00,DHL Freight,PICKED_UP,2026-02-20 07:00:00,2026-02-20 05:00:00,2026-02-20 05:00:00,ARRIVED,-2.0,ON_TIME,12.0,2026-03-02T06:00:00
PO-100367,munich,SUP-1004,Mahle,PN-SNS-300,Wheel speed sensor,48,48.0,False,2026-02-17 08:00:00,2026-02-20 08:00:00,Kuehne+Nagel,OUT_FOR_DELIVERY,2026-02-20 08:00:00,2026-02-20 04:00:00,2026-02-20 04:00:00,ARRIVED,-4.0,ON_TIME,12.0,2026-03-02T06:00:00
PO-100317,munich,SUP-1001,Bosch,PN-HRN-400,Wiring harness,48,48.0,False,2026-02-15 08:00:00,2026-02-20 08:00:00,Kuehne+Nagel,OUT_FOR_DELIVERY,2026-02-20 08:00:00,2026-02-20 08:00:00,2026-02-20 08:00:00,ARRIVED,0.0,ON_TIME,12.0,2026-03-02T06:00:00
PO-100198,munich,SUP-1005,Hella,PN-SNS-300,Wheel speed sensor,96,96.0,False,2026-02-17 08:00:00,2026-02-20 08:00:00,Kuehne+Nagel,AT_HUB,2026-02-20 08:00:00,2026-02-20 05:00:00,2026-02-20 05:00:00,ARRIVED,-3.0,ON_TIME,12.0,2026-03-02T06:00:00
PO-100192,munich,SUP-1005,Hella,PN-BRK-100,Brake caliper,24,24.0,False,2026-02-14 08:00:00,2026-02-20 08:00:00,DB Schenker,OUT_FOR_DELIVERY,2026-02-20 08:00:00,2026-02-20 04:00:00,2026-02-20 04:00:00,ARRIVED,-4.0,ON_TIME,12.0,2026-03-02T06:00:00
PO-100129,munich,SUP-1002,Continental,PN-LMP-500,Headlamp module,96,96.0,False,2026-02-17 09:00:00,2026-02-20 09:00:00,DB Schenker,AT_HUB,2026-02-20 09:00:00,2026-02-20 10:00:00,2026-02-20 10:00:00,ARRIVED,1.0,ON_TIME,12.0,2026-03-02T06:00:00
PO-100001,munich,SUP-1001,Bosch,PN-BRK-100,Brake caliper,48,48.0,False,2026-02-16 09:00:00,2026-02-20 09:00:00,DHL Freight,PICKED_UP,2026-02-20 09:00:00,2026-02-20 06:00:00,2026-02-20 06:00:00,ARRIVED,-3.0,ON_TIME,12.0,2026-03-02T06:00:00
PO-100159,munich,SUP-1004,Mahle,PN-ALT-200,Alternator,48,,False,2026-02-16 10:00:00,2026-02-20 10:00:00,DSV,OUT_FOR_DELIVERY,2026-02-20 10:00:00,,2026-02-20 10:00:00,IN_TRANSIT,0.0,LOW,12.0,2026-03-02T06:00:00
PO-100155,munich,SUP-1002,Continental,PN-HRN-400,Wiring harness,24,24.0,False,2026-02-15 10:00:00,2026-02-20 10:00:00,DSV,PICKED_UP,2026-02-20 11:00:00,2026-02-20 08:00:00,2026-02-20 08:00:00,ARRIVED,-2.0,ON_TIME,12.0,2026-03-02T06:00:00
PO-100470,munich,SUP-1005,Hella,PN-SNS-300,Wheel speed sensor,144,144.0,False,2026-02-14 10:00:00,2026-02-20 10:00:00,Kuehne+Nagel,IN_TRANSIT,2026-02-20 13:00:00,2026-02-20 12:00:00,2026-02-20 12:00:00,ARRIVED,2.0,ON_TIME,12.0,2026-03-02T06:00:00
PO-100067,munich,SUP-1003,ZF Friedrichshafen,PN-BRK-100,Brake caliper,96,96.0,False,2026-02-13 10:00:00,2026-02-20 10:00:00,Kuehne+Nagel,AT_HUB,2026-02-20 10:00:00,2026-02-20 09:00:00,2026-02-20 09:00:00,ARRIVED,-1.0,ON_TIME,12.0,2026-03-02T06:00:00
PO-100193,munich,SUP-1003,ZF Friedrichshafen,PN-LMP-500,Headlamp module,12,,False,2026-02-16 11:00:00,2026-02-20 11:00:00,DHL Freight,AT_HUB,2026-02-20 11:00:00,,2026-02-20 11:00:00,IN_TRANSIT,0.0,LOW,12.0,2026-03-02T06:00:00
PO-100021,munich,SUP-1003,ZF Friedrichshafen,PN-SNS-300,Wheel speed sensor,144,143.0,True,2026-02-16 11:00:00,2026-02-20 11:00:00,Kuehne+Nagel,PICKED_UP,2026-02-20 11:00:00,2026-02-20 09:00:00,2026-02-20 09:00:00,ARRIVED,-2.0,ON_TIME,12.0,2026-03-02T06:00:00
PO-100045,munich,SUP-1001,Bosch,PN-ALT-200,Alternator,48,48.0,False,2026-02-16 11:00:00,2026-02-20 11:00:00,DHL Freight,AT_HUB,2026-02-20 11:00:00,2026-02-20 11:00:00,2026-02-20 11:00:00,ARRIVED,0.0,ON_TIME,12.0,2026-03-02T06:00:00
PO-100148,munich,SUP-1005,Hella,PN-SNS-300,Wheel speed sensor,48,48.0,False,2026-02-17 12:00:00,2026-02-20 12:00:00,DB Schenker,PICKED_UP,2026-02-20 12:00:00,2026-02-20 11:00:00,2026-02-20 11:00:00,ARRIVED,-1.0,ON_TIME,12.0,2026-03-02T06:00:00
PO-100308,munich,SUP-1004,Mahle,PN-ALT-200,Alternator,144,144.0,False,2026-02-15 14:00:00,2026-02-20 14:00:00,DB Schenker,IN_TRANSIT,2026-02-20 14:00:00,2026-02-20 12:00:00,2026-02-20 12:00:00,ARRIVED,-2.0,ON_TIME,12.0,2026-03-02T06:00:00
PO-100407,munich,SUP-1003,ZF Friedrichshafen,PN-ALT-200,Alternator,12,12.0,False,2026-02-14 14:00:00,2026-02-20 14:00:00,DSV,AT_HUB,2026-02-20 14:00:00,2026-02-20 10:00:00,2026-02-20 10:00:00,ARRIVED,-4.0,ON_TIME,12.0,2026-03-02T06:00:00
PO-100117,munich,SUP-1004,Mahle,PN-LMP-500,Headlamp module,96,96.0,False,2026-02-17 14:00:00,2026-02-20 14:00:00,Kuehne+Nagel,AT_HUB,2026-02-20 14:00:00,2026-02-20 14:00:00,2026-02-20 14:00:00,ARRIVED,0.0,ON_TIME,12.0,2026-03-02T06:00:00
PO-100288,munich,SUP-1005,Hella,PN-SNS-300,Wheel speed sensor,96,96.0,False,2026-02-16 15:00:00,2026-02-20 15:00:00,DHL Freight,OUT_FOR_DELIVERY,2026-02-21 15:00:00,2026-02-21 14:00:00,2026-02-21 14:00:00,ARRIVED,23.0,LATE,12.0,2026-03-02T06:00:00
PO-100386,munich,SUP-1005,Hella,PN-BRK-100,Brake caliper,24,24.0,False,2026-02-14 15:00:00,2026-02-20 15:00:00,DHL Freight,AT_HUB,2026-02-20 17:00:00,2026-02-20 18:00:00,2026-02-20 18:00:00,ARRIVED,3.0,LATE,12.0,2026-03-02T06:00:00
PO-100463,munich,SUP-1002,Continental,PN-LMP-500,Headlamp module,96,96.0,False,2026-02-17 15:00:00,2026-02-20 15:00:00,DSV,OUT_FOR_DELIVERY,2026-02-20 15:00:00,2026-02-20 16:00:00,2026-02-20 16:00:00,ARRIVED,1.0,ON_TIME,12.0,2026-03-02T06:00:00
PO-100366,munich,SUP-1001,Bosch,PN-LMP-500,Headlamp module,144,144.0,False,2026-02-17 15:00:00,2026-02-20 15:00:00,,,,2026-02-20 14:00:00,2026-02-20 14:00:00,ARRIVED,-1.0,ON_TIME,12.0,2026-03-02T06:00:00
PO-100180,munich,SUP-1005,Hella,PN-ALT-200,Alternator,96,96.0,False,2026-02-17 06:00:00,2026-02-21 06:00:00,DHL Freight,AT_HUB,2026-02-21 08:00:00,2026-02-21 09:00:00,2026-02-21 09:00:00,ARRIVED,3.0,LATE,12.0,2026-03-02T06:00:00
PO-100133,munich,SUP-1003,ZF Friedrichshafen,PN-BRK-100,Brake caliper,144,144.0,False,2026-02-14 06:00:00,2026-02-21 06:00:00,DB Schenker,PICKED_UP,2026-02-21 06:00:00,2026-02-21 06:00:00,2026-02-21 06:00:00,ARRIVED,0.0,ON_TIME,12.0,2026-03-02T06:00:00
PO-100153,munich,SUP-1002,Continental,PN-HRN-400,Wiring harness,48,48.0,False,2026-02-18 07:00:00,2026-02-21 07:00:00,Kuehne+Nagel,PICKED_UP,2026-02-22 01:00:00,2026-02-22 01:00:00,2026-02-22 01:00:00,ARRIVED,18.0,LATE,12.0,2026-03-02T06:00:00
PO-100476,munich,SUP-1001,Bosch,PN-ALT-200,Alternator,48,48.0,False,2026-02-18 08:00:00,2026-02-21 08:00:00,DHL Freight,AT_HUB,2026-02-21 08:00:00,2026-02-21 04:00:00,2026-02-21 04:00:00,ARRIVED,-4.0,ON_TIME,12.0,2026-03-02T06:00:00
PO-100417,munich,SUP-1002,Continental,PN-ALT-200,Alternator,24,,False,2026-02-17 08:00:00,2026-02-21 08:00:00,DHL Freight,OUT_FOR_DELIVERY,2026-02-21 11:00:00,,2026-02-21 11:00:00,IN_TRANSIT,3.0,LOW,12.0,2026-03-02T06:00:00
PO-100201,munich,SUP-1001,Bosch,PN-SNS-300,Wheel speed sensor,144,144.0,False,2026-02-16 08:00:00,2026-02-21 08:00:00,Kuehne+Nagel,IN_TRANSIT,2026-02-21 08:00:00,2026-02-21 05:00:00,2026-02-21 05:00:00,ARRIVED,-3.0,ON_TIME,12.0,2026-03-02T06:00:00
PO-100051,munich,SUP-1005,Hella,PN-SNS-300,Wheel speed sensor,12,12.0,False,2026-02-14 09:00:00,2026-02-21 09:00:00,DHL Freight,OUT_FOR_DELIVERY,2026-02-21 12:00:00,2026-02-21 12:00:00,2026-02-21 12:00:00,ARRIVED,3.0,LATE,12.0,2026-03-02T06:00:00
PO-100385,munich,SUP-1005,Hella,PN-LMP-500,Headlamp module,24,24.0,False,2026-02-18 09:00:00,2026-02-21 09:00:00,DB Schenker,IN_TRANSIT,2026-02-21 09:00:00,2026-02-21 06:00:00,2026-02-21 06:00:00,ARRIVED,-3.0,ON_TIME,12.0,2026-03-02T06:00:00
PO-100033,munich,SUP-1005,Hella,PN-BRK-100,Brake caliper,24,24.0,False,2026-02-15 09:00:00,2026-02-21 09:00:00,DSV,PICKED_UP,2026-02-21 09:00:00,2026-02-21 08:00:00,2026-02-21 08:00:00,ARRIVED,-1.0,ON_TIME,12.0,2026-03-02T06:00:00
PO-100071,munich,SUP-1005,Hella,PN-ALT-200,Alternator,144,,False,2026-02-16 09:00:00,2026-02-21 09:00:00,Kuehne+Nagel,PICKED_UP,2026-02-21 09:00:00,,2026-02-21 09:00:00,IN_TRANSIT,0.0,LOW,12.0,2026-03-02T06:00:00
PO-100167,munich,SUP-1003,ZF Friedrichshafen,PN-BRK-100,Brake caliper,96,96.0,False,2026-02-15 09:00:00,2026-02-21 09:00:00,DSV,OUT_FOR_DELIVERY,2026-02-21 09:00:00,2026-02-21 05:00:00,2026-02-21 05:00:00,ARRIVED,-4.0,ON_TIME,12.0,2026-03-02T06:00:00
PO-100234,munich,SUP-1004,Mahle,PN-ALT-200,Alternator,96,96.0,False,2026-02-18 09:00:00,2026-02-21 09:00:00,DSV,PICKED_UP,2026-02-21 15:00:00,2026-02-21 14:00:00,2026-02-21 14:00:00,ARRIVED,5.0,LATE,12.0,2026-03-02T06:00:00
PO-100203,munich,SUP-1005,Hella,PN-ALT-200,Alternator,96,96.0,False,2026-02-17 10:00:00,2026-02-21 10:00:00,DSV,IN_TRANSIT,2026-02-21 16:00:00,2026-02-21 17:00:00,2026-02-21 17:00:00,ARRIVED,7.0,LATE,12.0,2026-03-02T06:00:00
PO-100025,munich,SUP-1001,Bosch,PN-ALT-200,Alternator,96,96.0,False,2026-02-18 10:00:00,2026-02-21 10:00:00,DSV,AT_HUB,2026-02-21 10:00:00,2026-02-21 08:00:00,2026-02-21 08:00:00,ARRIVED,-2.0,ON_TIME,12.0,2026-03-02T06:00:00
PO-100302,munich,SUP-1001,Bosch,PN-ALT-200,Alternator,12,12.0,False,2026-02-17 10:00:00,2026-02-21 10:00:00,DB Schenker,IN_TRANSIT,2026-02-21 10:00:00,2026-02-21 11:00:00,2026-02-21 11:00:00,ARRIVED,1.0,ON_TIME,12.0,2026-03-02T06:00:00
PO-100428,munich,SUP-1002,Continental,PN-HRN-400,Wiring harness,96,96.0,False,2026-02-15 10:00:00,2026-02-21 10:00:00,DSV,PICKED_UP,2026-02-21 13:00:00,2026-02-21 13:00:00,2026-02-21 13:00:00,ARRIVED,3.0,LATE,12.0,2026-03-02T06:00:00
PO-100483,munich,SUP-1005,Hella,PN-LMP-500,Headlamp module,144,144.0,False,2026-02-16 11:00:00,2026-02-21 11:00:00,DB Schenker,IN_TRANSIT,2026-02-21 11:00:00,2026-02-21 11:00:00,2026-02-21 11:00:00,ARRIVED,0.0,ON_TIME,12.0,2026-03-02T06:00:00
PO-100241,munich,SUP-1001,Bosch,PN-HRN-400,Wiring harness,48,48.0,False,2026-02-16 11:00:00,2026-02-21 11:00:00,DSV,PICKED_UP,2026-02-21 11:00:00,2026-02-21 11:00:00,2026-02-21 11:00:00,ARRIVED,0.0,ON_TIME,12.0,2026-03-02T06:00:00
PO-100027,munich,SUP-1002,Continental,PN-SNS-300,Wheel speed sensor,96,96.0,False,2026-02-14 11:00:00,2026-02-21 11:00:00,Kuehne+Nagel,OUT_FOR_DELIVERY,2026-02-21 11:00:00,2026-02-21 09:00:00,2026-02-21 09:00:00,ARRIVED,-2.0,ON_TIME,12.0,2026-03-02T06:00:00
PO-100091,munich,SUP-1003,ZF Friedrichshafen,PN-ALT-200,Alternator,144,144.0,False,2026-02-14 12:00:00,2026-02-21 12:00:00,DB Schenker,IN_TRANSIT,2026-02-21 12:00:00,2026-02-21 09:00:00,2026-02-21 09:00:00,ARRIVED,-3.0,ON_TIME,12.0,2026-03-02T06:00:00
PO-100320,munich,SUP-1005,Hella,PN-LMP-500,Headlamp module,12,12.0,False,2026-02-16 12:00:00,2026-02-21 12:00:00,DHL Freight,AT_HUB,2026-02-21 14:00:00,2026-02-21 13:00:00,2026-02-21 13:00:00,ARRIVED,1.0,ON_TIME,12.0,2026-03-02T06:00:00
PO-100484,munich,SUP-1003,ZF Friedrichshafen,PN-HRN-400,Wiring harness,12,12.0,False,2026-02-15 12:00:00,2026-02-21 12:00:00,DB Schenker,OUT_FOR_DELIVERY,2026-02-21 18:00:00,2026-02-21 18:00:00,2026-02-21 18:00:00,ARRIVED,6.0,LATE,12.0,2026-03-02T06:00:00
PO-100498,munich,SUP-1001,Bosch,PN-ALT-200,Alternator,144,144.0,False,2026-02-17 12:00:00,2026-02-21 12:00:00,Kuehne+Nagel,OUT_FOR_DELIVERY,2026-02-21 12:00:00,2026-02-21 10:00:00,2026-02-21 10:00:00,ARRIVED,-2.0,ON_TIME,12.0,2026-03-02T06:00:00
PO-100371,munich,SUP-1003,ZF Friedrichshafen,PN-BRK-100,Brake caliper,12,10.0,True,2026-02-15 13:00:00,2026-02-21 13:00:00,DB Schenker,OUT_FOR_DELIVERY,2026-02-21 13:00:00,2026-02-21 14:00:00,2026-02-21 14:00:00,ARRIVED,1.0,ON_TIME,12.0,2026-03-02T06:00:00
PO-100114,munich,SUP-1004,Mahle,PN-BRK-100,Brake caliper,12,12.0,False,2026-02-15 13:00:00,2026-02-21 13:00:00,Kuehne+Nagel,AT_HUB,2026-02-21 13:00:00,2026-02-21 11:00:00,2026-02-21 11:00:00,ARRIVED,-2.0,ON_TIME,12.0,2026-03-02T06:00:00
PO-100391,munich,SUP-1002,Continental,PN-HRN-400,Wiring harness,24,24.0,False,2026-02-14 13:00:00,2026-02-21 13:00:00,DSV,AT_HUB,2026-02-21 13:00:00,2026-02-21 10:00:00,2026-02-21 10:00:00,ARRIVED,-3.0,ON_TIME,12.0,2026-03-02T06:00:00
PO-100188,munich,SUP-1005,Hella,PN-SNS-300,Wheel speed sensor,144,144.0,False,2026-02-16 13:00:00,2026-02-21 13:00:00,DB Schenker,IN_TRANSIT,2026-02-21 13:00:00,2026-02-21 09:00:00,2026-02-21 09:00:00,ARRIVED,-4.0,ON_TIME,12.0,2026-03-02T06:00:00
PO-100357,munich,SUP-1005,Hella,PN-ALT-200,Alternator,144,144.0,False,2026-02-15 13:00:00,2026-02-21 13:00:00,DSV,IN_TRANSIT,2026-02-22 01:00:00,2026-02-21 21:00:00,2026-02-21 21:00:00,ARRIVED,8.0,LATE,12.0,2026-03-02T06:00:00
PO-100410,munich,SUP-1004,Mahle,PN-SNS-300,Wheel speed sensor,96,96.0,False,2026-02-15 14:00:00,2026-02-21 14:00:00,DB Schenker,AT_HUB,2026-02-21 14:00:00,2026-02-21 15:00:00,2026-02-21 15:00:00,ARRIVED,1.0,ON_TIME,12.0,2026-03-02T06:00:00
PO-100477,munich,SUP-1004,Mahle,PN-SNS-300,Wheel speed sensor,24,24.0,False,2026-02-15 14:00:00,2026-02-21 14:00:00,DSV,AT_HUB,2026-02-21 16:00:00,2026-02-21 17:00:00,2026-02-21 17:00:00,ARRIVED,3.0,LATE,12.0,2026-03-02T06:00:00
PO-100327,munich,SUP-1003,ZF Friedrichshafen,PN-SNS-300,Wheel speed sensor,48,48.0,False,2026-02-16 14:00:00,2026-02-21 14:00:00,DHL Freight,IN_TRANSIT,2026-02-21 14:00:00,2026-02-21 13:00:00,2026-02-21 13:00:00,ARRIVED,-1.0,ON_TIME,12.0,2026-03-02T06:00:00
PO-100329,munich,SUP-1005,Hella,PN-ALT-200,Alternator,24,22.0,True,2026-02-17 14:00:00,2026-02-21 14:00:00,DB Schenker,PICKED_UP,2026-02-21 14:00:00,2026-02-21 11:00:00,2026-02-21 11:00:00,ARRIVED,-3.0,ON_TIME,12.0,2026-03-02T06:00:00
PO-100352,munich,SUP-1005,Hella,PN-LMP-500,Headlamp module,12,12.0,False,2026-02-16 14:00:00,2026-02-21 14:00:00,Kuehne+Nagel,IN_TRANSIT,2026-02-21 14:00:00,2026-02-21 12:00:00,2026-02-21 12:00:00,ARRIVED,-2.0,ON_TIME,12.0,2026-03-02T06:00:00
PO-100154,munich,SUP-1001,Bosch,PN-BRK-100,Brake caliper,12,12.0,False,2026-02-18 14:00:00,2026-02-21 14:00:00,DHL Freight,OUT_FOR_DELIVERY,2026-02-21 14:00:00,2026-02-21 14:00:00,2026-02-21 14:00:00,ARRIVED,0.0,ON_TIME,12.0,2026-03-02T06:00:00
PO-100392,munich,SUP-1003,ZF Friedrichshafen,PN-ALT-200,Alternator,48,48.0,False,2026-02-15 06:00:00,2026-02-22 06:00:00,DSV,IN_TRANSIT,2026-02-22 18:00:00,2026-02-22 16:00:00,2026-02-22 16:00:00,ARRIVED,10.0,LATE,12.0,2026-03-02T06:00:00
PO-100278,munich,SUP-1002,Continental,PN-SNS-300,Wheel speed sensor,96,96.0,False,2026-02-18 07:00:00,2026-02-22 07:00:00,DSV,AT_HUB,2026-02-22 07:00:00,2026-02-22 04:00:00,2026-02-22 04:00:00,ARRIVED,-3.0,ON_TIME,12.0,2026-03-02T06:00:00
PO-100015,munich,SUP-1002,Continental,PN-SNS-300,Wheel speed sensor,96,96.0,False,2026-02-16 07:00:00,2026-02-22 07:00:00,DHL Freight,IN_TRANSIT,2026-02-22 07:00:00,2026-02-22 06:00:00,2026-02-22 06:00:00,ARRIVED,-1.0,ON_TIME,12.0,2026-03-02T06:00:00
PO-100060,munich,SUP-1001,Bosch,PN-ALT-200,Alternator,48,,False,2026-02-16 07:00:00,2026-02-22 07:00:00,DHL Freight,AT_HUB,2026-02-22 07:00:00,,2026-02-22 07:00:00,IN_TRANSIT,0.0,LOW,12.0,2026-03-02T06:00:00
PO-100177,munich,SUP-1004,Mahle,PN-BRK-100,Brake caliper,24,24.0,False,2026-02-19 07:00:00,2026-02-22 07:00:00,DB Schenker,IN_TRANSIT,2026-02-23 01:00:00,2026-02-22 21:00:00,2026-02-22 21:00:00,ARRIVED,14.0,LATE,12.0,2026-03-02T06:00:00
PO-100068,munich,SUP-1005,Hella,PN-SNS-300,Wheel speed sensor,144,144.0,False,2026-02-16 07:00:00,2026-02-22 07:00:00,DB Schenker,OUT_FOR_DELIVERY,2026-02-22 07:00:00,2026-02-22 07:00:00,2026-02-22 07:00:00,ARRIVED,0.0,ON_TIME,12.0,2026-03-02T06:00:00
PO-100473,munich,SUP-1001,Bosch,PN-SNS-300,Wheel speed sensor,48,48.0,False,2026-02-18 08:00:00,2026-02-22 08:00:00,,,,2026-02-22 07:00:00,2026-02-22 07:00:00,ARRIVED,-1.0,ON_TIME,12.0,2026-03-02T06:00:00
PO-100039,munich,SUP-1003,ZF Friedrichshafen,PN-LMP-500,Headlamp module,96,96.0,False,2026-02-19 09:00:00,2026-02-22 09:00:00,Kuehne+Nagel,AT_HUB,2026-02-22 09:00:00,2026-02-22 07:00:00,2026-02-22 07:00:00,ARRIVED,-2.0,ON_TIME,12.0,2026-03-02T06:00:00
PO-100297,munich,SUP-1004,Mahle,PN-SNS-300,Wheel speed sensor,24,24.0,False,2026-02-16 10:00:00,2026-02-22 10:00:00,,,,2026-02-22 12:00:00,2026-02-22 12:00:00,ARRIVED,2.0,ON_TIME,12.0,2026-03-02T06:00:00
PO-100219,munich,SUP-1004,Mahle,PN-LMP-500,Headlamp module,144,144.0,False,2026-02-18 11:00:00,2026-02-22 11:00:00,DHL Freight,OUT_FOR_DELIVERY,2026-02-22 11:00:00,2026-02-22 11:00:00,2026-02-22 11:00:00,ARRIVED,0.0,ON_TIME,12.0,2026-03-02T06:00:00
PO-100408,munich,SUP-1002,Continental,PN-HRN-400,Wiring harness,48,48.0,False,2026-02-19 11:00:00,2026-02-22 11:00:00,DHL Freight,OUT_FOR_DELIVERY,2026-02-22 11:00:00,2026-02-22 12:00:00,2026-02-22 12:00:00,ARRIVED,1.0,ON_TIME,12.0,2026-03-02T06:00:00
PO-100164,munich,SUP-1002,Continental,PN-HRN-400,Wiring harness,144,144.0,False,2026-02-19 12:00:00,2026-02-22 12:00:00,DHL Freight,IN_TRANSIT,2026-02-22 12:00:00,2026-02-22 11:00:00,2026-02-22 11:00:00,ARRIVED,-1.0,ON_TIME,12.0,2026-03-02T06:00:00
PO-100061,munich,SUP-1001,Bosch,PN-SNS-300,Wheel speed sensor,48,48.0,False,2026-02-18 12:00:00,2026-02-22 12:00:00,DB Schenker,PICKED_UP,2026-02-22 12:00:00,2026-02-22 12:00:00,2026-02-22 12:00:00,ARRIVED,0.0,ON_TIME,12.0,2026-03-02T06:00:00
PO-100230,munich,SUP-1005,Hella,PN-LMP-500,Headlamp module,144,144.0,False,2026-02-18 12:00:00,2026-02-22 12:00:00,DB Schenker,PICKED_UP,2026-02-22 12:00:00,2026-02-22 09:00:00,2026-02-22 09:00:00,ARRIVED,-3.0,ON_TIME,12.0,2026-03-02T06:00:00
PO-100036,munich,SUP-1004,Mahle,PN-ALT-200,Alternator,12,,False,2026-02-17 12:00:00,2026-02-22 12:00:00,DSV,PICKED_UP,2026-02-22 12:00:00,,2026-02-22 12:00:00,IN_TRANSIT,0.0,LOW,12.0,2026-03-02T06:00:00
PO-100162,munich,SUP-1002,Continental,PN-SNS-300,Wheel speed sensor,48,48.0,False,2026-02-18 13:00:00,2026-02-22 13:00:00,DSV,AT_HUB,2026-02-22 13:00:00,2026-02-22 09:00:00,2026-02-22 09:00:00,ARRIVED,-4.0,ON_TIME,12.0,2026-03-02T06:00:00
PO-100295,munich,SUP-1003,ZF Friedrichshafen,PN-LMP-500,Headlamp module,96,96.0,False,2026-02-17 13:00:00,2026-02-22 13:00:00,DB Schenker,IN_TRANSIT,2026-02-22 13:00:00,2026-02-22 13:00:00,2026-02-22 13:00:00,ARRIVED,0.0,ON_TIME,12.0,2026-03-02T06:00:00
PO-100014,munich,SUP-1004,Mahle,PN-SNS-300,Wheel speed sensor,96,96.0,False,2026-02-19 13:00:00,2026-02-22 13:00:00,DSV,PICKED_UP,2026-02-22 13:00:00,2026-02-22 13:00:00,2026-02-22 13:00:00,ARRIVED,0.0,ON_TIME,12.0,2026-03-02T06:00:00
PO-100321,munich,SUP-1002,Continental,PN-HRN-400,Wiring harness,144,144.0,False,2026-02-16 13:00:00,2026-02-22 13:00:00,DB Schenker,AT_HUB,2026-02-22 13:00:00,2026-02-22 13:00:00,2026-02-22 13:00:00,ARRIVED,0.0,ON_TIME,12.0,2026-03-02T06:00:00
PO-100334,munich,SUP-1004,Mahle,PN-BRK-100,Brake caliper,144,144.0,False,2026-02-19 14:00:00,2026-02-22 14:00:00,Kuehne+Nagel,OUT_FOR_DELIVERY,2026-02-22 14:00:00,2026-02-22 10:00:00,2026-02-22 10:00:00,ARRIVED,-4.0,ON_TIME,12.0,2026-03-02T06:00:00
PO-100111,munich,SUP-1005,Hella,PN-ALT-200,Alternator,24,24.0,False,2026-02-19 14:00:00,2026-02-22 14:00:00,DB Schenker,AT_HUB,2026-02-22 14:00:00,2026-02-22 15:00:00,2026-02-22 15:00:00,ARRIVED,1.0,ON_TIME,12.0,2026-03-02T06:00:00
PO-100481,munich,SUP-1001,Bosch,PN-LMP-500,Headlamp module,144,144.0,False,2026-02-17 14:00:00,2026-02-22 14:00:00,,,,2026-02-22 14:00:00,2026-02-22 14:00:00,ARRIVED,0.0,ON_TIME,12.0,2026-03-02T06:00:00
PO-100264,munich,SUP-1001,Bosch,PN-SNS-300,Wheel speed sensor,12,12.0,False,2026-02-16 15:00:00,2026-02-22 15:00:00,DB Schenker,PICKED_UP,2026-02-22 15:00:00,2026-02-22 14:00:00,2026-02-22 14:00:00,ARRIVED,-1.0,ON_TIME,12.0,2026-03-02T06:00:00
PO-100038,munich,SUP-1004,Mahle,PN-SNS-300,Wheel speed sensor,48,,False,2026-02-15 15:00:00,2026-02-22 15:00:00,DB Schenker,PICKED_UP,2026-02-22 15:00:00,,2026-02-22 15:00:00,IN_TRANSIT,0.0,LOW,12.0,2026-03-02T06:00:00
PO-100081,munich,SUP-1003,ZF Friedrichshafen,PN-BRK-100,Brake caliper,24,24.0,False,2026-02-19 15:00:00,2026-02-22 15:00:00,DB Schenker,AT_HUB,2026-02-23 09:00:00,2026-02-23 08:00:00,2026-02-23 08:00:00,ARRIVED,17.0,LATE,12.0,2026-03-02T06:00:00
PO-100043,munich,SUP-1002,Continental,PN-HRN-400,Wiring harness,96,96.0,False,2026-02-20 06:00:00,2026-02-23 06:00:00,Kuehne+Nagel,OUT_FOR_DELIVERY,2026-02-23 06:00:00,2026-02-23 04:00:00,2026-02-23 04:00:00,ARRIVED,-2.0,ON_TIME,12.0,2026-03-02T06:00:00
PO-100446,munich,SUP-1005,Hella,PN-LMP-500,Headlamp module,48,48.0,False,2026-02-20 06:00:00,2026-02-23 06:00:00,DB Schenker,IN_TRANSIT,2026-02-23 06:00:00,2026-02-23 06:00:00,2026-02-23 06:00:00,ARRIVED,0.0,ON_TIME,12.0,2026-03-02T06:00:00
PO-100440,munich,SUP-1001,Bosch,PN-HRN-400,Wiring harness,24,24.0,False,2026-02-16 07:00:00,2026-02-23 07:00:00,Kuehne+Nagel,PICKED_UP,2026-02-23 07:00:00,2026-02-23 07:00:00,2026-02-23 07:00:00,ARRIVED,0.0,ON_TIME,12.0,2026-03-02T06:00:00
PO-100100,munich,SUP-1003,ZF Friedrichshafen,PN-SNS-300,Wheel speed sensor,12,12.0,False,2026-02-18 07:00:00,2026-02-23 07:00:00,Kuehne+Nagel,AT_HUB,2026-02-23 07:00:00,2026-02-23 07:00:00,2026-02-23 07:00:00,ARRIVED,0.0,ON_TIME,12.0,2026-03-02T06:00:00
PO-100292,munich,SUP-1005,Hella,PN-LMP-500,Headlamp module,12,12.0,False,2026-02-19 07:00:00,2026-02-23 07:00:00,DHL Freight,AT_HUB,2026-02-24 01:00:00,2026-02-24 02:00:00,2026-02-24 02:00:00,ARRIVED,19.0,LATE,12.0,2026-03-02T06:00:00
PO-100047,munich,SUP-1005,Hella,PN-SNS-300,Wheel speed sensor,12,12.0,False,2026-02-16 07:00:00,2026-02-23 07:00:00,DB Schenker,OUT_FOR_DELIVERY,2026-02-23 07:00:00,2026-02-23 06:00:00,2026-02-23 06:00:00,ARRIVED,-1.0,ON_TIME,12.0,2026-03-02T06:00:00
PO-100146,munich,SUP-1001,Bosch,PN-BRK-100,Brake caliper,12,12.0,False,2026-02-19 08:00:00,2026-02-23 08:00:00,DSV,OUT_FOR_DELIVERY,2026-02-23 08:00:00,2026-02-23 04:00:00,2026-02-23 04:00:00,ARRIVED,-4.0,ON_TIME,12.0,2026-03-02T06:00:00
PO-100020,munich,SUP-1001,Bosch,PN-ALT-200,Alternator,48,48.0,False,2026-02-17 08:00:00,2026-02-23 08:00:00,DHL Freight,PICKED_UP,2026-02-23 08:00:00,2026-02-23 04:00:00,2026-02-23 04:00:00,ARRIVED,-4.0,ON_TIME,12.0,2026-03-02T06:00:00
PO-100168,munich,SUP-1003,ZF Friedrichshafen,PN-ALT-200,Alternator,144,144.0,False,2026-02-17 08:00:00,2026-02-23 08:00:00,DHL Freight,AT_HUB,2026-02-23 08:00:00,2026-02-23 06:00:00,2026-02-23 06:00:00,ARRIVED,-2.0,ON_TIME,12.0,2026-03-02T06:00:00
PO-100472,munich,SUP-1004,Mahle,PN-ALT-200,Alternator,24,,False,2026-02-16 08:00:00,2026-02-23 08:00:00,DSV,IN_TRANSIT,2026-02-23 08:00:00,,2026-02-23 08:00:00,IN_TRANSIT,0.0,LOW,12.0,2026-03-02T06:00:00
PO-100355,munich,SUP-1004,Mahle,PN-HRN-400,Wiring harness,24,,False,2026-02-16 08:00:00,2026-02-23 08:00:00,Kuehne+Nagel,OUT_FOR_DELIVERY,2026-02-23 08:00:00,,2026-02-23 08:00:00,IN_TRANSIT,0.0,LOW,12.0,2026-03-02T06:00:00
PO-100339,munich,SUP-1001,Bosch,PN-LMP-500,Headlamp module,96,96.0,False,2026-02-16 09:00:00,2026-02-23 09:00:00,DHL Freight,IN_TRANSIT,2026-02-23 09:00:00,2026-02-23 05:00:00,2026-02-23 05:00:00,ARRIVED,-4.0,ON_TIME,12.0,2026-03-02T06:00:00
PO-100313,munich,SUP-1002,Continental,PN-LMP-500,Headlamp module,96,96.0,False,2026-02-16 09:00:00,2026-02-23 09:00:00,DSV,AT_HUB,2026-02-23 09:00:00,2026-02-23 09:00:00,2026-02-23 09:00:00,ARRIVED,0.0,ON_TIME,12.0,2026-03-02T06:00:00
PO-100322,munich,SUP-1004,Mahle,PN-HRN-400,Wiring harness,48,48.0,False,2026-02-18 09:00:00,2026-02-23 09:00:00,DB Schenker,OUT_FOR_DELIVERY,2026-02-23 09:00:00,2026-02-23 05:00:00,2026-02-23 05:00:00,ARRIVED,-4.0,ON_TIME,12.0,2026-03-02T06:00:00
PO-100332,munich,SUP-1004,Mahle,PN-BRK-100,Brake caliper,48,48.0,False,2026-02-19 09:00:00,2026-02-23 09:00:00,DSV,OUT_FOR_DELIVERY,2026-02-23 11:00:00,2026-02-23 12:00:00,2026-02-23 12:00:00,ARRIVED,3.0,LATE,12.0,2026-03-02T06:00:00
PO-100395,munich,SUP-1004,Mahle,PN-BRK-100,Brake caliper,96,96.0,False,2026-02-20 09:00:00,2026-02-23 09:00:00,DB Schenker,AT_HUB,2026-02-23 12:00:00,2026-02-23 08:00:00,2026-02-23 08:00:00,ARRIVED,-1.0,ON_TIME,12.0,2026-03-02T06:00:00
PO-100152,munich,SUP-1003,ZF Friedrichshafen,PN-HRN-400,Wiring harness,96,96.0,False,2026-02-16 11:00:00,2026-02-23 11:00:00,DSV,IN_TRANSIT,2026-02-23 11:00:00,2026-02-23 09:00:00,2026-02-23 09:00:00,ARRIVED,-2.0,ON_TIME,12.0,2026-03-02T06:00:00
PO-100415,munich,SUP-1001,Bosch,PN-ALT-200,Alternator,144,144.0,False,2026-02-17 11:00:00,2026-02-23 11:00:00,DB Schenker,OUT_FOR_DELIVERY,2026-02-23 11:00:00,2026-02-23 08:00:00,2026-02-23 08:00:00,ARRIVED,-3.0,ON_TIME,12.0,2026-03-02T06:00:00
PO-100259,munich,SUP-1001,Bosch,PN-ALT-200,Alternator,12,12.0,False,2026-02-20 11:00:00,2026-02-23 11:00:00,DB Schenker,OUT_FOR_DELIVERY,2026-02-23 13:00:00,2026-02-23 12:00:00,2026-02-23 12:00:00,ARRIVED,1.0,ON_TIME,12.0,2026-03-02T06:00:00
PO-100399,munich,SUP-1005,Hella,PN-ALT-200,Alternator,24,24.0,False,2026-02-18 11:00:00,2026-02-23 11:00:00,Kuehne+Nagel,OUT_FOR_DELIVERY,2026-02-23 11:00:00,2026-02-23 07:00:00,2026-02-23 07:00:00,ARRIVED,-4.0,ON_TIME,12.0,2026-03-02T06:00:00
PO-100052,munich,SUP-1004,Mahle,PN-BRK-100,Brake caliper,96,96.0,False,2026-02-18 12:00:00,2026-02-23 12:00:00,DSV,PICKED_UP,2026-02-23 13:00:00,2026-02-23 11:00:00,2026-02-23 11:00:00,ARRIVED,-1.0,ON_TIME,12.0,2026-03-02T06:00:00
PO-100209,munich,SUP-1001,Bosch,PN-HRN-400,Wiring harness,12,12.0,False,2026-02-17 12:00:00,2026-02-23 12:00:00,DSV,OUT_FOR_DELIVERY,2026-02-23 12:00:00,2026-02-23 08:00:00,2026-02-23 08:00:00,ARRIVED,-4.0,ON_TIME,12.0,2026-03-02T06:00:00
PO-100145,munich,SUP-1004,Mahle,PN-LMP-500,Headlamp module,48,,False,2026-02-17 13:00:00,2026-02-23 13:00:00,DB Schenker,PICKED_UP,2026-02-23 13:00:00,,2026-02-23 13:00:00,IN_TRANSIT,0.0,LOW,12.0,2026-03-02T06:00:00
PO-100494,munich,SUP-1002,Continental,PN-LMP-500,Headlamp module,144,144.0,False,2026-02-16 13:00:00,2026-02-23 13:00:00,DHL Freight,OUT_FOR_DELIVERY,2026-02-23 13:00:00,2026-02-23 12:00:00,2026-02-23 12:00:00,ARRIVED,-1.0,ON_TIME,12.0,2026-03-02T06:00:00
PO-100217,munich,SUP-1005,Hella,PN-ALT-200,Alternator,12,12.0,False,2026-02-17 14:00:00,2026-02-23 14:00:00,DHL Freight,IN_TRANSIT,2026-02-25 02:00:00,2026-02-25 01:00:00,2026-02-25 01:00:00,ARRIVED,35.0,LATE,12.0,2026-03-02T06:00:00
PO-100307,munich,SUP-1002,Continental,PN-HRN-400,Wiring harness,24,24.0,False,2026-02-18 14:00:00,2026-02-23 14:00:00,DSV,PICKED_UP,2026-02-23 14:00:00,2026-02-23 14:00:00,2026-02-23 14:00:00,ARRIVED,0.0,ON_TIME,12.0,2026-03-02T06:00:00
PO-100166,munich,SUP-1002,Continental,PN-LMP-500,Headlamp module,96,96.0,False,2026-02-19 15:00:00,2026-02-23 15:00:00,DB Schenker,OUT_FOR_DELIVERY,2026-02-23 15:00:00,2026-02-23 13:00:00,2026-02-23 13:00:00,ARRIVED,-2.0,ON_TIME,12.0,2026-03-02T06:00:00
PO-100130,munich,SUP-1004,Mahle,PN-HRN-400,Wiring harness,144,144.0,False,2026-02-18 07:00:00,2026-02-24 07:00:00,Kuehne+Nagel,PICKED_UP,2026-02-24 07:00:00,2026-02-24 06:00:00,2026-02-24 06:00:00,ARRIVED,-1.0,ON_TIME,12.0,2026-03-02T06:00:00
PO-100228,munich,SUP-1002,Continental,PN-LMP-500,Headlamp module,24,24.0,False,2026-02-20 07:00:00,2026-02-24 07:00:00,DSV,PICKED_UP,2026-02-24 07:00:00,2026-02-24 05:00:00,2026-02-24 05:00:00,ARRIVED,-2.0,ON_TIME,12.0,2026-03-02T06:00:00
PO-100156,munich,SUP-1005,Hella,PN-LMP-500,Headlamp module,24,24.0,False,2026-02-20 07:00:00,2026-02-24 07:00:00,DSV,AT_HUB,2026-02-24 07:00:00,2026-02-24 08:00:00,2026-02-24 08:00:00,ARRIVED,1.0,ON_TIME,12.0,2026-03-02T06:00:00
PO-100434,munich,SUP-1001,Bosch,PN-LMP-500,Headlamp module,48,48.0,False,2026-02-17 07:00:00,2026-02-24 07:00:00,DHL Freight,OUT_FOR_DELIVERY,2026-02-24 07:00:00,2026-02-24 04:00:00,2026-02-24 04:00:00,ARRIVED,-3.0,ON_TIME,12.0,2026-03-02T06:00:00
PO-100368,munich,SUP-1005,Hella,PN-BRK-100,Brake caliper,48,,False,2026-02-20 07:00:00,2026-02-24 07:00:00,DB Schenker,AT_HUB,2026-02-24 07:00:00,,2026-02-24 07:00:00,IN_TRANSIT,0.0,LOW,12.0,2026-03-02T06:00:00
PO-100098,munich,SUP-1005,Hella,PN-LMP-500,Headlamp module,144,144.0,False,2026-02-19 07:00:00,2026-02-24 07:00:00,DSV,OUT_FOR_DELIVERY,2026-02-24 08:00:00,2026-02-24 08:00:00,2026-02-24 08:00:00,ARRIVED,1.0,ON_TIME,12.0,2026-03-02T06:00:00
PO-100019,munich,SUP-1003,ZF Friedrichshafen,PN-ALT-200,Alternator,48,48.0,False,2026-02-19 08:00:00,2026-02-24 08:00:00,DHL Freight,PICKED_UP,2026-02-24 08:00:00,2026-02-24 06:00:00,2026-02-24 06:00:00,ARRIVED,-2.0,ON_TIME,12.0,2026-03-02T06:00:00
PO-100448,munich,SUP-1002,Continental,PN-BRK-100,Brake caliper,96,96.0,False,2026-02-18 08:00:00,2026-02-24 08:00:00,DB Schenker,AT_HUB,2026-02-24 08:00:00,2026-02-24 04:00:00,2026-02-24 04:00:00,ARRIVED,-4.0,ON_TIME,12.0,2026-03-02T06:00:00
PO-100223,munich,SUP-1003,ZF Friedrichshafen,PN-ALT-200,Alternator,24,24.0,False,2026-02-21 09:00:00,2026-02-24 09:00:00,Kuehne+Nagel,PICKED_UP,2026-02-24 09:00:00,2026-02-24 07:00:00,2026-02-24 07:00:00,ARRIVED,-2.0,ON_TIME,12.0,2026-03-02T06:00:00
PO-100393,munich,SUP-1005,Hella,PN-ALT-200,Alternator,144,,False,2026-02-21 09:00:00,2026-02-24 09:00:00,DB Schenker,OUT_FOR_DELIVERY,2026-02-24 09:00:00,,2026-02-24 09:00:00,IN_TRANSIT,0.0,LOW,12.0,2026-03-02T06:00:00
PO-100031,munich,SUP-1005,Hella,PN-HRN-400,Wiring harness,12,12.0,False,2026-02-21 09:00:00,2026-02-24 09:00:00,Kuehne+Nagel,OUT_FOR_DELIVERY,2026-02-24 09:00:00,2026-02-24 06:00:00,2026-02-24 06:00:00,ARRIVED,-3.0,ON_TIME,12.0,2026-03-02T06:00:00
PO-100403,munich,SUP-1003,ZF Friedrichshafen,PN-BRK-100,Brake caliper,24,24.0,False,2026-02-18 10:00:00,2026-02-24 10:00:00,Kuehne+Nagel,IN_TRANSIT,2026-02-24 10:00:00,2026-02-24 08:00:00,2026-02-24 08:00:00,ARRIVED,-2.0,ON_TIME,12.0,2026-03-02T06:00:00
PO-100338,munich,SUP-1002,Continental,PN-ALT-200,Alternator,12,12.0,False,2026-02-19 10:00:00,2026-02-24 10:00:00,DB Schenker,AT_HUB,2026-02-24 10:00:00,2026-02-24 11:00:00,2026-02-24 11:00:00,ARRIVED,1.0,ON_TIME,12.0,2026-03-02T06:00:00
PO-100345,munich,SUP-1003,ZF Friedrichshafen,PN-SNS-300,Wheel speed sensor,12,12.0,False,2026-02-17 10:00:00,2026-02-24 10:00:00,Kuehne+Nagel,PICKED_UP,2026-02-24 10:00:00,2026-02-24 11:00:00,2026-02-24 11:00:00,ARRIVED,1.0,ON_TIME,12.0,2026-03-02T06:00:00
PO-100330,munich,SUP-1004,Mahle,PN-HRN-400,Wiring harness,48,48.0,False,2026-02-20 10:00:00,2026-02-24 10:00:00,,,,2026-02-24 11:00:00,2026-02-24 11:00:00,ARRIVED,1.0,ON_TIME,12.0,2026-03-02T06:00:00
PO-100144,munich,SUP-1004,Mahle,PN-SNS-300,Wheel speed sensor,24,24.0,False,2026-02-18 11:00:00,2026-02-24 11:00:00,DHL Freight,IN_TRANSIT,2026-02-24 23:00:00,2026-02-24 22:00:00,2026-02-24 22:00:00,ARRIVED,11.0,LATE,12.0,2026-03-02T06:00:00
PO-100478,munich,SUP-1005,Hella,PN-BRK-100,Brake caliper,12,12.0,False,2026-02-18 11:00:00,2026-02-24 11:00:00,DHL Freight,PICKED_UP,2026-02-24 11:00:00,2026-02-24 12:00:00,2026-02-24 12:00:00,ARRIVED,1.0,ON_TIME,12.0,2026-03-02T06:00:00
PO-100185,munich,SUP-1001,Bosch,PN-HRN-400,Wiring harness,96,96.0,False,2026-02-21 11:00:00,2026-02-24 11:00:00,Kuehne+Nagel,PICKED_UP,2026-02-24 11:00:00,2026-02-24 07:00:00,2026-02-24 07:00:00,ARRIVED,-4.0,ON_TIME,12.0,2026-03-02T06:00:00
PO-100455,munich,SUP-1003,ZF Friedrichshafen,PN-HRN-400,Wiring harness,24,24.0,False,2026-02-21 13:00:00,2026-02-24 13:00:00,,,,2026-02-24 14:00:00,2026-02-24 14:00:00,ARRIVED,1.0,ON_TIME,12.0,2026-03-02T06:00:00
PO-100356,munich,SUP-1004,Mahle,PN-BRK-100,Brake caliper,48,48.0,False,2026-02-20 13:00:00,2026-02-24 13:00:00,DHL Freight,PICKED_UP,2026-02-24 13:00:00,2026-02-24 12:00:00,2026-02-24 12:00:00,ARRIVED,-1.0,ON_TIME,12.0,2026-03-02T06:00:00
PO-100314,munich,SUP-1002,Continental,PN-ALT-200,Alternator,144,144.0,False,2026-02-19 14:00:00,2026-02-24 14:00:00,Kuehne+Nagel,AT_HUB,2026-02-24 14:00:00,2026-02-24 14:00:00,2026-02-24 14:00:00,ARRIVED,0.0,ON_TIME,12.0,2026-03-02T06:00:00
PO-100312,munich,SUP-1001,Bosch,PN-HRN-400,Wiring harness,12,12.0,False,2026-02-18 14:00:00,2026-02-24 14:00:00,Kuehne+Nagel,PICKED_UP,2026-02-24 14:00:00,2026-02-24 11:00:00,2026-02-24 11:00:00,ARRIVED,-3.0,ON_TIME,12.0,2026-03-02T06:00:00
PO-100284,munich,SUP-1003,ZF Friedrichshafen,PN-BRK-100,Brake caliper,144,144.0,False,2026-02-17 14:00:00,2026-02-24 14:00:00,DSV,AT_HUB,2026-02-24 14:00:00,2026-02-24 14:00:00,2026-02-24 14:00:00,ARRIVED,0.0,ON_TIME,12.0,2026-03-02T06:00:00
PO-100456,munich,SUP-1004,Mahle,PN-BRK-100,Brake caliper,96,96.0,False,2026-02-18 14:00:00,2026-02-24 14:00:00,DHL Freight,IN_TRANSIT,2026-02-24 17:00:00,2026-02-24 14:00:00,2026-02-24 14:00:00,ARRIVED,0.0,ON_TIME,12.0,2026-03-02T06:00:00
PO-100283,munich,SUP-1001,Bosch,PN-BRK-100,Brake caliper,144,144.0,False,2026-02-17 14:00:00,2026-02-24 14:00:00,DB Schenker,IN_TRANSIT,2026-02-24 14:00:00,2026-02-24 14:00:00,2026-02-24 14:00:00,ARRIVED,0.0,ON_TIME,12.0,2026-03-02T06:00:00
PO-100059,munich,SUP-1001,Bosch,PN-HRN-400,Wiring harness,48,,False,2026-02-18 15:00:00,2026-02-24 15:00:00,DSV,OUT_FOR_DELIVERY,2026-02-24 15:00:00,,2026-02-24 15:00:00,IN_TRANSIT,0.0,LOW,12.0,2026-03-02T06:00:00
PO-100402,munich,SUP-1002,Continental,PN-LMP-500,Headlamp module,48,48.0,False,2026-02-19 15:00:00,2026-02-24 15:00:00,DSV,IN_TRANSIT,2026-02-24 15:00:00,2026-02-24 13:00:00,2026-02-24 13:00:00,ARRIVED,-2.0,ON_TIME,12.0,2026-03-02T06:00:00
PO-100041,munich,SUP-1005,Hella,PN-HRN-400,Wiring harness,96,96.0,False,2026-02-19 15:00:00,2026-02-24 15:00:00,Kuehne+Nagel,IN_TRANSIT,2026-02-24 15:00:00,2026-02-24 15:00:00,2026-02-24 15:00:00,ARRIVED,0.0,ON_TIME,12.0,2026-03-02T06:00:00
PO-100140,munich,SUP-1002,Continental,PN-HRN-400,Wiring harness,144,144.0,False,2026-02-20 06:00:00,2026-02-25 06:00:00,Kuehne+Nagel,OUT_FOR_DELIVERY,2026-02-25 06:00:00,2026-02-25 03:00:00,2026-02-25 03:00:00,ARRIVED,-3.0,ON_TIME,12.0,2026-03-02T06:00:00
PO-100276,munich,SUP-1004,Mahle,PN-LMP-500,Headlamp module,96,96.0,False,2026-02-18 06:00:00,2026-02-25 06:00:00,DSV,OUT_FOR_DELIVERY,2026-02-25 06:00:00,2026-02-25 07:00:00,2026-02-25 07:00:00,ARRIVED,1.0,ON_TIME,12.0,2026-03-02T06:00:00
PO-100034,munich,SUP-1001,Bosch,PN-LMP-500,Headlamp module,96,96.0,False,2026-02-20 06:00:00,2026-02-25 06:00:00,DSV,OUT_FOR_DELIVERY,2026-02-25 06:00:00,2026-02-25 05:00:00,2026-02-25 05:00:00,ARRIVED,-1.0,ON_TIME,12.0,2026-03-02T06:00:00
PO-100096,munich,SUP-1004,Mahle,PN-SNS-300,Wheel speed sensor,12,12.0,False,2026-02-19 06:00:00,2026-02-25 06:00:00,Kuehne+Nagel,AT_HUB,2026-02-25 06:00:00,2026-02-25 06:00:00,2026-02-25 06:00:00,ARRIVED,0.0,ON_TIME,12.0,2026-03-02T06:00:00
PO-100348,munich,SUP-1003,ZF Friedrichshafen,PN-BRK-100,Brake caliper,48,48.0,False,2026-02-19 07:00:00,2026-02-25 07:00:00,Kuehne+Nagel,PICKED_UP,2026-02-25 07:00:00,2026-02-25 08:00:00,2026-02-25 08:00:00,ARRIVED,1.0,ON_TIME,12.0,2026-03-02T06:00:00
PO-100266,munich,SUP-1003,ZF Friedrichshafen,PN-SNS-300,Wheel speed sensor,96,96.0,False,2026-02-21 07:00:00,2026-02-25 07:00:00,DB Schenker,PICKED_UP,2026-02-25 09:00:00,2026-02-25 05:00:00,2026-02-25 05:00:00,ARRIVED,-2.0,ON_TIME,12.0,2026-03-02T06:00:00
PO-100326,munich,SUP-1003,ZF Friedrichshafen,PN-HRN-400,Wiring harness,144,140.0,True,2026-02-21 07:00:00,2026-02-25 07:00:00,DHL Freight,AT_HUB,2026-02-25 07:00:00,2026-02-25 07:00:00,2026-02-25 07:00:00,ARRIVED,0.0,ON_TIME,12.0,2026-03-02T06:00:00
PO-100077,munich,SUP-1003,ZF Friedrichshafen,PN-LMP-500,Headlamp module,48,48.0,False,2026-02-18 07:00:00,2026-02-25 07:00:00,DHL Freight,PICKED_UP,2026-02-25 07:00:00,2026-02-25 08:00:00,2026-02-25 08:00:00,ARRIVED,1.0,ON_TIME,12.0,2026-03-02T06:00:00
PO-100343,munich,SUP-1005,Hella,PN-LMP-500,Headlamp module,144,144.0,False,2026-02-18 08:00:00,2026-02-25 08:00:00,DSV,IN_TRANSIT,2026-02-25 08:00:00,2026-02-25 05:00:00,2026-02-25 05:00:00,ARRIVED,-3.0,ON_TIME,12.0,2026-03-02T06:00:00
PO-100413,munich,SUP-1001,Bosch,PN-ALT-200,Alternator,48,48.0,False,2026-02-20 08:00:00,2026-02-25 08:00:00,Kuehne+Nagel,AT_HUB,2026-02-25 08:00:00,2026-02-25 04:00:00,2026-02-25 04:00:00,ARRIVED,-4.0,ON_TIME,12.0,2026-03-02T06:00:00
PO-100042,munich,SUP-1004,Mahle,PN-SNS-300,Wheel speed sensor,24,24.0,False,2026-02-20 09:00:00,2026-02-25 09:00:00,Kuehne+Nagel,IN_TRANSIT,2026-02-25 09:00:00,2026-02-25 08:00:00,2026-02-25 08:00:00,ARRIVED,-1.0,ON_TIME,12.0,2026-03-02T06:00:00
PO-100002,munich,SUP-1005,Hella,PN-ALT-200,Alternator,144,144.0,False,2026-02-19 09:00:00,2026-02-25 09:00:00,,,,2026-02-25 09:00:00,2026-02-25 09:00:00,ARRIVED,0.0,ON_TIME,12.0,2026-03-02T06:00:00
PO-100286,munich,SUP-1002,Continental,PN-HRN-400,Wiring harness,48,48.0,False,2026-02-18 09:00:00,2026-02-25 09:00:00,DB Schenker,IN_TRANSIT,2026-02-25 09:00:00,2026-02-25 06:00:00,2026-02-25 06:00:00,ARRIVED,-3.0,ON_TIME,12.0,2026-03-02T06:00:00
PO-100451,munich,SUP-1003,ZF Friedrichshafen,PN-ALT-200,Alternator,144,144.0,False,2026-02-20 09:00:00,2026-02-25 09:00:00,DSV,IN_TRANSIT,2026-02-25 09:00:00,2026-02-25 08:00:00,2026-02-25 08:00:00,ARRIVED,-1.0,ON_TIME,12.0,2026-03-02T06:00:00
PO-100474,munich,SUP-1001,Bosch,PN-LMP-500,Headlamp module,24,24.0,False,2026-02-20 10:00:00,2026-02-25 10:00:00,Kuehne+Nagel,PICKED_UP,2026-02-25 10:00:00,2026-02-25 09:00:00,2026-02-25 09:00:00,ARRIVED,-1.0,ON_TIME,12.0,2026-03-02T06:00:00
PO-100400,munich,SUP-1005,Hella,PN-SNS-300,Wheel speed sensor,96,96.0,False,2026-02-22 11:00:00,2026-02-25 11:00:00,DSV,AT_HUB,2026-02-25 11:00:00,2026-02-25 09:00:00,2026-02-25 09:00:00,ARRIVED,-2.0,ON_TIME,12.0,2026-03-02T06:00:00
PO-100362,munich,SUP-1002,Continental,PN-HRN-400,Wiring harness,144,144.0,False,2026-02-19 11:00:00,2026-02-25 11:00:00,DB Schenker,IN_TRANSIT,2026-02-25 11:00:00,2026-02-25 09:00:00,2026-02-25 09:00:00,ARRIVED,-2.0,ON_TIME,12.0,2026-03-02T06:00:00
PO-100300,munich,SUP-1005,Hella,PN-ALT-200,Alternator,12,12.0,False,2026-02-21 11:00:00,2026-02-25 11:00:00,DB Schenker,OUT_FOR_DELIVERY,2026-02-25 11:00:00,2026-02-25 10:00:00,2026-02-25 10:00:00,ARRIVED,-1.0,ON_TIME,12.0,2026-03-02T06:00:00
PO-100432,munich,SUP-1004,Mahle,PN-LMP-500,Headlamp module,12,12.0,False,2026-02-18 12:00:00,2026-02-25 12:00:00,DHL Freight,OUT_FOR_DELIVERY,2026-02-25 12:00:00,2026-02-25 12:00:00,2026-02-25 12:00:00,ARRIVED,0.0,ON_TIME,12.0,2026-03-02T06:00:00
PO-100394,munich,SUP-1004,Mahle,PN-ALT-200,Alternator,24,24.0,False,2026-02-18 12:00:00,2026-02-25 12:00:00,DHL Freight,OUT_FOR_DELIVERY,2026-02-25 12:00:00,2026-02-25 08:00:00,2026-02-25 08:00:00,ARRIVED,-4.0,ON_TIME,12.0,2026-03-02T06:00:00
PO-100149,munich,SUP-1001,Bosch,PN-ALT-200,Alternator,12,,False,2026-02-20 12:00:00,2026-02-25 12:00:00,DHL Freight,OUT_FOR_DELIVERY,2026-02-25 12:00:00,,2026-02-25 12:00:00,IN_TRANSIT,0.0,LOW,12.0,2026-03-02T06:00:00
PO-100298,munich,SUP-1004,Mahle,PN-LMP-500,Headlamp module,48,48.0,False,2026-02-21 13:00:00,2026-02-25 13:00:00,DSV,AT_HUB,2026-02-25 13:00:00,2026-02-25 10:00:00,2026-02-25 10:00:00,ARRIVED,-3.0,ON_TIME,12.0,2026-03-02T06:00:00
PO-100205,munich,SUP-1001,Bosch,PN-BRK-100,Brake caliper,12,12.0,False,2026-02-19 13:00:00,2026-02-25 13:00:00,DSV,OUT_FOR_DELIVERY,2026-02-25 13:00:00,2026-02-25 13:00:00,2026-02-25 13:00:00,ARRIVED,0.0,ON_TIME,12.0,2026-03-02T06:00:00
PO-100398,munich,SUP-1001,Bosch,PN-BRK-100,Brake caliper,96,96.0,False,2026-02-18 13:00:00,2026-02-25 13:00:00,DHL Freight,IN_TRANSIT,2026-02-25 13:00:00,2026-02-25 09:00:00,2026-02-25 09:00:00,ARRIVED,-4.0,ON_TIME,12.0,2026-03-02T06:00:00
PO-100103,munich,SUP-1004,Mahle,PN-SNS-300,Wheel speed sensor,24,24.0,False,2026-02-20 13:00:00,2026-02-25 13:00:00,DSV,IN_TRANSIT,2026-02-25 13:00:00,2026-02-25 09:00:00,2026-02-25 09:00:00,ARRIVED,-4.0,ON_TIME,12.0,2026-03-02T06:00:00
PO-100279,munich,SUP-1005,Hella,PN-HRN-400,Wiring harness,24,24.0,False,2026-02-18 14:00:00,2026-02-25 14:00:00,DSV,PICKED_UP,2026-02-25 14:00:00,2026-02-25 15:00:00,2026-02-25 15:00:00,ARRIVED,1.0,ON_TIME,12.0,2026-03-02T06:00:00
PO-100102,munich,SUP-1003,ZF Friedrichshafen,PN-SNS-300,Wheel speed sensor,144,144.0,False,2026-02-19 14:00:00,2026-02-25 14:00:00,Kuehne+Nagel,AT_HUB,2026-02-25 14:00:00,2026-02-25 13:00:00,2026-02-25 13:00:00,ARRIVED,-1.0,ON_TIME,12.0,2026-03-02T06:00:00
PO-100118,munich,SUP-1005,Hella,PN-SNS-300,Wheel speed sensor,12,12.0,False,2026-02-19 14:00:00,2026-02-25 14:00:00,DHL Freight,AT_HUB,2026-02-25 14:00:00,2026-02-25 12:00:00,2026-02-25 12:00:00,ARRIVED,-2.0,ON_TIME,12.0,2026-03-02T06:00:00
PO-100083,munich,SUP-1001,Bosch,PN-SNS-300,Wheel speed sensor,144,144.0,False,2026-02-19 15:00:00,2026-02-25 15:00:00,DHL Freight,IN_TRANSIT,2026-02-25 15:00:00,2026-02-25 15:00:00,2026-02-25 15:00:00,ARRIVED,0.0,ON_TIME,12.0,2026-03-02T06:00:00
PO-100139,munich,SUP-1003,ZF Friedrichshafen,PN-ALT-200,Alternator,144,144.0,False,2026-02-18 15:00:00,2026-02-25 15:00:00,DB Schenker,OUT_FOR_DELIVERY,2026-02-25 15:00:00,2026-02-25 15:00:00,2026-02-25 15:00:00,ARRIVED,0.0,ON_TIME,12.0,2026-03-02T06:00:00
PO-100426,munich,SUP-1003,ZF Friedrichshafen,PN-ALT-200,Alternator,48,48.0,False,2026-02-22 15:00:00,2026-02-25 15:00:00,DSV,IN_TRANSIT,2026-02-25 15:00:00,2026-02-25 14:00:00,2026-02-25 14:00:00,ARRIVED,-1.0,ON_TIME,12.0,2026-03-02T06:00:00
PO-100210,munich,SUP-1003,ZF Friedrichshafen,PN-ALT-200,Alternator,48,48.0,False,2026-02-22 06:00:00,2026-02-26 06:00:00,Kuehne+Nagel,OUT_FOR_DELIVERY,2026-02-26 06:00:00,2026-02-26 05:00:00,2026-02-26 05:00:00,ARRIVED,-1.0,ON_TIME,12.0,2026-03-02T06:00:00
PO-100372,munich,SUP-1004,Mahle,PN-SNS-300,Wheel speed sensor,144,144.0,False,2026-02-23 06:00:00,2026-02-26 06:00:00,DSV,AT_HUB,2026-02-26 06:00:00,2026-02-26 04:00:00,2026-02-26 04:00:00,ARRIVED,-2.0,ON_TIME,12.0,2026-03-02T06:00:00
PO-100401,munich,SUP-1004,Mahle,PN-ALT-200,Alternator,24,24.0,False,2026-02-21 06:00:00,2026-02-26 06:00:00,DSV,OUT_FOR_DELIVERY,2026-02-26 06:00:00,2026-02-26 04:00:00,2026-02-26 04:00:00,ARRIVED,-2.0,ON_TIME,12.0,2026-03-02T06:00:00
PO-100138,munich,SUP-1001,Bosch,PN-BRK-100,Brake caliper,96,96.0,False,2026-02-22 06:00:00,2026-02-26 06:00:00,DHL Freight,OUT_FOR_DELIVERY,2026-02-26 07:00:00,2026-02-26 08:00:00,2026-02-26 08:00:00,ARRIVED,2.0,ON_TIME,12.0,2026-03-02T06:00:00
PO-100468,munich,SUP-1002,Continental,PN-HRN-400,Wiring harness,96,96.0,False,2026-02-20 06:00:00,2026-02-26 06:00:00,DSV,PICKED_UP,2026-02-26 06:00:00,2026-02-26 06:00:00,2026-02-26 06:00:00,ARRIVED,0.0,ON_TIME,12.0,2026-03-02T06:00:00
PO-100150,munich,SUP-1001,Bosch,PN-SNS-300,Wheel speed sensor,144,144.0,False,2026-02-22 06:00:00,2026-02-26 06:00:00,DB Schenker,IN_TRANSIT,2026-02-26 06:00:00,2026-02-26 07:00:00,2026-02-26 07:00:00,ARRIVED,1.0,ON_TIME,12.0,2026-03-02T06:00:00
PO-100160,munich,SUP-1003,ZF Friedrichshafen,PN-LMP-500,Headlamp module,144,144.0,False,2026-02-23 07:00:00,2026-02-26 07:00:00,DHL Freight,AT_HUB,2026-02-26 07:00:00,2026-02-26 03:00:00,2026-02-26 03:00:00,ARRIVED,-4.0,ON_TIME,12.0,2026-03-02T06:00:00
PO-100495,munich,SUP-1001,Bosch,PN-SNS-300,Wheel speed sensor,144,144.0,False,2026-02-22 07:00:00,2026-02-26 07:00:00,DSV,IN_TRANSIT,2026-02-26 07:00:00,2026-02-26 04:00:00,2026-02-26 04:00:00,ARRIVED,-3.0,ON_TIME,12.0,2026-03-02T06:00:00
PO-100176,munich,SUP-1003,ZF Friedrichshafen,PN-ALT-200,Alternator,96,96.0,False,2026-02-23 07:00:00,2026-02-26 07:00:00,DB Schenker,PICKED_UP,2026-02-27 07:00:00,2026-02-27 03:00:00,2026-02-27 03:00:00,ARRIVED,20.0,LATE,12.0,2026-03-02T06:00:00
PO-100010,munich,SUP-1003,ZF Friedrichshafen,PN-LMP-500,Headlamp module,24,24.0,False,2026-02-21 07:00:00,2026-02-26 07:00:00,Kuehne+Nagel,PICKED_UP,2026-02-26 07:00:00,2026-02-26 03:00:00,2026-02-26 03:00:00,ARRIVED,-4.0,ON_TIME,12.0,2026-03-02T06:00:00
PO-100450,munich,SUP-1004,Mahle,PN-HRN-400,Wiring harness,24,,False,2026-02-19 09:00:00,2026-02-26 09:00:00,DB Schenker,OUT_FOR_DELIVERY,2026-02-26 09:00:00,,2026-02-26 09:00:00,IN_TRANSIT,0.0,LOW,12.0,2026-03-02T06:00:00
PO-100075,munich,SUP-1005,Hella,PN-ALT-200,Alternator,96,96.0,False,2026-02-20 09:00:00,2026-02-26 09:00:00,DHL Freight,AT_HUB,2026-02-26 09:00:00,2026-02-26 06:00:00,2026-02-26 06:00:00,ARRIVED,-3.0,ON_TIME,12.0,2026-03-02T06:00:00
PO-100062,munich,SUP-1005,Hella,PN-ALT-200,Alternator,24,24.0,False,2026-02-20 10:00:00,2026-02-26 10:00:00,DB Schenker,AT_HUB,2026-02-26 12:00:00,2026-02-26 11:00:00,2026-02-26 11:00:00,ARRIVED,1.0,ON_TIME,12.0,2026-03-02T06:00:00
PO-100310,munich,SUP-1003,ZF Friedrichshafen,PN-SNS-300,Wheel speed sensor,96,96.0,False,2026-02-23 11:00:00,2026-02-26 11:00:00,,,,2026-02-26 08:00:00,2026-02-26 08:00:00,ARRIVED,-3.0,ON_TIME,12.0,2026-03-02T06:00:00
PO-100397,munich,SUP-1004,Mahle,PN-BRK-100,Brake caliper,12,12.0,False,2026-02-19 11:00:00,2026-02-26 11:00:00,DB Schenker,AT_HUB,2026-02-27 11:00:00,2026-02-27 11:00:00,2026-02-27 11:00:00,ARRIVED,24.0,LATE,12.0,2026-03-02T06:00:00
PO-100280,munich,SUP-1001,Bosch,PN-ALT-200,Alternator,144,144.0,False,2026-02-19 11:00:00,2026-02-26 11:00:00,DSV,OUT_FOR_DELIVERY,2026-02-26 11:00:00,2026-02-26 08:00:00,2026-02-26 08:00:00,ARRIVED,-3.0,ON_TIME,12.0,2026-03-02T06:00:00
PO-100493,munich,SUP-1004,Mahle,PN-ALT-200,Alternator,12,12.0,False,2026-02-22 11:00:00,2026-02-26 11:00:00,DHL Freight,OUT_FOR_DELIVERY,2026-02-26 17:00:00,2026-02-26 18:00:00,2026-02-26 18:00:00,ARRIVED,7.0,LATE,12.0,2026-03-02T06:00:00
PO-100186,munich,SUP-1001,Bosch,PN-ALT-200,Alternator,12,12.0,False,2026-02-20 11:00:00,2026-02-26 11:00:00,DHL Freight,AT_HUB,2026-02-26 11:00:00,2026-02-26 11:00:00,2026-02-26 11:00:00,ARRIVED,0.0,ON_TIME,12.0,2026-03-02T06:00:00
PO-100422,munich,SUP-1003,ZF Friedrichshafen,PN-HRN-400,Wiring harness,24,24.0,False,2026-02-21 12:00:00,2026-02-26 12:00:00,DSV,PICKED_UP,2026-02-26 12:00:00,2026-02-26 08:00:00,2026-02-26 08:00:00,ARRIVED,-4.0,ON_TIME,12.0,2026-03-02T06:00:00
PO-100319,munich,SUP-1002,Continental,PN-LMP-500,Headlamp module,12,12.0,False,2026-02-23 12:00:00,2026-02-26 12:00:00,Kuehne+Nagel,PICKED_UP,2026-02-26 15:00:00,2026-02-26 14:00:00,2026-02-26 14:00:00,ARRIVED,2.0,ON_TIME,12.0,2026-03-02T06:00:00
PO-100423,munich,SUP-1001,Bosch,PN-BRK-100,Brake caliper,24,24.0,False,2026-02-19 12:00:00,2026-02-26 12:00:00,DB Schenker,IN_TRANSIT,2026-02-26 12:00:00,2026-02-26 13:00:00,2026-02-26 13:00:00,ARRIVED,1.0,ON_TIME,12.0,2026-03-02T06:00:00
PO-100104,munich,SUP-1003,ZF Friedrichshafen,PN-SNS-300,Wheel speed sensor,96,96.0,False,2026-02-22 12:00:00,2026-02-26 12:00:00,,,,2026-02-26 10:00:00,2026-02-26 10:00:00,ARRIVED,-2.0,ON_TIME,12.0,2026-03-02T06:00:00
PO-100443,munich,SUP-1001,Bosch,PN-ALT-200,Alternator,48,48.0,False,2026-02-21 12:00:00,2026-02-26 12:00:00,DHL Freight,PICKED_UP,2026-02-26 12:00:00,2026-02-26 10:00:00,2026-02-26 10:00:00,ARRIVED,-2.0,ON_TIME,12.0,2026-03-02T06:00:00
PO-100046,munich,SUP-1001,Bosch,PN-LMP-500,Headlamp module,48,48.0,False,2026-02-20 13:00:00,2026-02-26 13:00:00,DSV,OUT_FOR_DELIVERY,2026-02-26 13:00:00,2026-02-26 13:00:00,2026-02-26 13:00:00,ARRIVED,0.0,ON_TIME,12.0,2026-03-02T06:00:00
PO-100214,munich,SUP-1003,ZF Friedrichshafen,PN-HRN-400,Wiring harness,48,48.0,False,2026-02-19 13:00:00,2026-02-26 13:00:00,DSV,AT_HUB,2026-02-26 15:00:00,2026-02-26 15:00:00,2026-02-26 15:00:00,ARRIVED,2.0,ON_TIME,12.0,2026-03-02T06:00:00
PO-100227,munich,SUP-1002,Continental,PN-SNS-300,Wheel speed sensor,96,96.0,False,2026-02-22 13:00:00,2026-02-26 13:00:00,DSV,AT_HUB,2026-02-26 13:00:00,2026-02-26 12:00:00,2026-02-26 12:00:00,ARRIVED,-1.0,ON_TIME,12.0,2026-03-02T06:00:00
PO-100057,munich,SUP-1004,Mahle,PN-ALT-200,Alternator,96,96.0,False,2026-02-21 13:00:00,2026-02-26 13:00:00,Kuehne+Nagel,IN_TRANSIT,2026-02-26 13:00:00,2026-02-26 14:00:00,2026-02-26 14:00:00,ARRIVED,1.0,ON_TIME,12.0,2026-03-02T06:00:00
PO-100324,munich,SUP-1005,Hella,PN-ALT-200,Alternator,24,24.0,False,2026-02-21 14:00:00,2026-02-26 14:00:00,DHL Freight,AT_HUB,2026-02-26 14:00:00,2026-02-26 11:00:00,2026-02-26 11:00:00,ARRIVED,-3.0,ON_TIME,12.0,2026-03-02T06:00:00
PO-100255,munich,SUP-1001,Bosch,PN-LMP-500,Headlamp module,24,24.0,False,2026-02-19 14:00:00,2026-02-26 14:00:00,Kuehne+Nagel,AT_HUB,2026-02-26 14:00:00,2026-02-26 14:00:00,2026-02-26 14:00:00,ARRIVED,0.0,ON_TIME,12.0,2026-03-02T06:00:00
PO-100315,munich,SUP-1003,ZF Friedrichshafen,PN-LMP-500,Headlamp module,24,,False,2026-02-22 14:00:00,2026-02-26 14:00:00,Kuehne+Nagel,OUT_FOR_DELIVERY,2026-02-26 14:00:00,,2026-02-26 14:00:00,IN_TRANSIT,0.0,LOW,12.0,2026-03-02T06:00:00
PO-100026,munich,SUP-1004,Mahle,PN-SNS-300,Wheel speed sensor,48,48.0,False,2026-02-19 15:00:00,2026-02-26 15:00:00,DHL Freight,PICKED_UP,2026-02-28 03:00:00,2026-02-28 03:00:00,2026-02-28 03:00:00,ARRIVED,36.0,LATE,12.0,2026-03-02T06:00:00
PO-100029,munich,SUP-1002,Continental,PN-BRK-100,Brake caliper,48,48.0,False,2026-02-21 15:00:00,2026-02-26 15:00:00,Kuehne+Nagel,PICKED_UP,2026-02-26 15:00:00,2026-02-26 14:00:00,2026-02-26 14:00:00,ARRIVED,-1.0,ON_TIME,12.0,2026-03-02T06:00:00
PO-100208,munich,SUP-1002,Continental,PN-BRK-100,Brake caliper,12,12.0,False,2026-02-19 15:00:00,2026-02-26 15:00:00,DSV,OUT_FOR_DELIVERY,2026-02-26 15:00:00,2026-02-26 12:00:00,2026-02-26 12:00:00,ARRIVED,-3.0,ON_TIME,12.0,2026-03-02T06:00:00
PO-100224,munich,SUP-1004,Mahle,PN-HRN-400,Wiring harness,12,12.0,False,2026-02-22 15:00:00,2026-02-26 15:00:00,DSV,AT_HUB,2026-02-26 15:00:00,2026-02-26 15:00:00,2026-02-26 15:00:00,ARRIVED,0.0,ON_TIME,12.0,2026-03-02T06:00:00
PO-100229,munich,SUP-1005,Hella,PN-ALT-200,Alternator,12,12.0,False,2026-02-23 06:00:00,2026-02-27 06:00:00,DHL Freight,IN_TRANSIT,2026-02-27 06:00:00,2026-02-27 04:00:00,2026-02-27 04:00:00,ARRIVED,-2.0,ON_TIME,12.0,2026-03-02T06:00:00
PO-100226,munich,SUP-1003,ZF Friedrichshafen,PN-HRN-400,Wiring harness,12,12.0,False,2026-02-20 06:00:00,2026-02-27 06:00:00,DB Schenker,OUT_FOR_DELIVERY,2026-02-27 06:00:00,2026-02-27 02:00:00,2026-02-27 02:00:00,ARRIVED,-4.0,ON_TIME,12.0,2026-03-02T06:00:00
PO-100004,munich,SUP-1003,ZF Friedrichshafen,PN-LMP-500,Headlamp module,24,24.0,False,2026-02-24 07:00:00,2026-02-27 07:00:00,DB Schenker,OUT_FOR_DELIVERY,2026-02-27 07:00:00,2026-02-27 08:00:00,2026-02-27 08:00:00,ARRIVED,1.0,ON_TIME,12.0,2026-03-02T06:00:00
PO-100268,munich,SUP-1002,Continental,PN-HRN-400,Wiring harness,144,144.0,False,2026-02-21 07:00:00,2026-02-27 07:00:00,DB Schenker,IN_TRANSIT,2026-02-27 08:00:00,2026-02-27 08:00:00,2026-02-27 08:00:00,ARRIVED,1.0,ON_TIME,12.0,2026-03-02T06:00:00
PO-100309,munich,SUP-1001,Bosch,PN-LMP-500,Headlamp module,96,96.0,False,2026-02-24 08:00:00,2026-02-27 08:00:00,Kuehne+Nagel,OUT_FOR_DELIVERY,2026-02-27 08:00:00,2026-02-27 07:00:00,2026-02-27 07:00:00,ARRIVED,-1.0,ON_TIME,12.0,2026-03-02T06:00:00
PO-100134,munich,SUP-1005,Hella,PN-HRN-400,Wiring harness,12,12.0,False,2026-02-20 08:00:00,2026-02-27 08:00:00,Kuehne+Nagel,OUT_FOR_DELIVERY,2026-02-27 08:00:00,2026-02-27 08:00:00,2026-02-27 08:00:00,ARRIVED,0.0,ON_TIME,12.0,2026-03-02T06:00:00
PO-100172,munich,SUP-1003,ZF Friedrichshafen,PN-ALT-200,Alternator,96,96.0,False,2026-02-20 08:00:00,2026-02-27 08:00:00,DHL Freight,AT_HUB,2026-02-27 08:00:00,2026-02-27 06:00:00,2026-02-27 06:00:00,ARRIVED,-2.0,ON_TIME,12.0,2026-03-02T06:00:00
PO-100056,munich,SUP-1002,Continental,PN-LMP-500,Headlamp module,144,144.0,False,2026-02-24 08:00:00,2026-02-27 08:00:00,Kuehne+Nagel,AT_HUB,2026-02-27 08:00:00,2026-02-27 08:00:00,2026-02-27 08:00:00,ARRIVED,0.0,ON_TIME,12.0,2026-03-02T06:00:00
PO-100285,munich,SUP-1003,ZF Friedrichshafen,PN-BRK-100,Brake caliper,96,96.0,False,2026-02-23 09:00:00,2026-02-27 09:00:00,DHL Freight,AT_HUB,2026-02-27 09:00:00,2026-02-27 09:00:00,2026-02-27 09:00:00,ARRIVED,0.0,ON_TIME,12.0,2026-03-02T06:00:00
PO-100461,munich,SUP-1003,ZF Friedrichshafen,PN-BRK-100,Brake caliper,48,,False,2026-02-21 09:00:00,2026-02-27 09:00:00,DSV,OUT_FOR_DELIVERY,2026-02-27 09:00:00,,2026-02-27 09:00:00,IN_TRANSIT,0.0,LOW,12.0,2026-03-02T06:00:00
PO-100137,munich,SUP-1004,Mahle,PN-LMP-500,Headlamp module,24,24.0,False,2026-02-24 09:00:00,2026-02-27 09:00:00,DSV,IN_TRANSIT,2026-02-27 09:00:00,2026-02-27 06:00:00,2026-02-27 06:00:00,ARRIVED,-3.0,ON_TIME,12.0,2026-03-02T06:00:00
PO-100243,munich,SUP-1005,Hella,PN-SNS-300,Wheel speed sensor,144,144.0,False,2026-02-21 09:00:00,2026-02-27 09:00:00,DB Schenker,AT_HUB,2026-02-27 09:00:00,2026-02-27 09:00:00,2026-02-27 09:00:00,ARRIVED,0.0,ON_TIME,12.0,2026-03-02T06:00:00
PO-100183,munich,SUP-1001,Bosch,PN-SNS-300,Wheel speed sensor,96,96.0,False,2026-02-24 09:00:00,2026-02-27 09:00:00,DHL Freight,PICKED_UP,2026-02-27 09:00:00,2026-02-27 09:00:00,2026-02-27 09:00:00,ARRIVED,0.0,ON_TIME,12.0,2026-03-02T06:00:00
PO-100360,munich,SUP-1002,Continental,PN-ALT-200,Alternator,96,96.0,False,2026-02-21 10:00:00,2026-02-27 10:00:00,Kuehne+Nagel,OUT_FOR_DELIVERY,2026-02-27 10:00:00,2026-02-27 08:00:00,2026-02-27 08:00:00,ARRIVED,-2.0,ON_TIME,12.0,2026-03-02T06:00:00
PO-100232,munich,SUP-1004,Mahle,PN-HRN-400,Wiring harness,12,12.0,False,2026-02-21 10:00:00,2026-02-27 10:00:00,DHL Freight,PICKED_UP,2026-02-27 10:00:00,2026-02-27 10:00:00,2026-02-27 10:00:00,ARRIVED,0.0,ON_TIME,12.0,2026-03-02T06:00:00
PO-100347,munich,SUP-1005,Hella,PN-BRK-100,Brake caliper,24,24.0,False,2026-02-22 11:00:00,2026-02-27 11:00:00,DHL Freight,IN_TRANSIT,2026-02-27 23:00:00,2026-02-28 00:00:00,2026-02-28 00:00:00,ARRIVED,13.0,LATE,12.0,2026-03-02T06:00:00
PO-100249,munich,SUP-1002,Continental,PN-LMP-500,Headlamp module,144,144.0,False,2026-02-24 11:00:00,2026-02-27 11:00:00,DSV,OUT_FOR_DELIVERY,2026-02-27 11:00:00,2026-02-27 07:00:00,2026-02-27 07:00:00,ARRIVED,-4.0,ON_TIME,12.0,2026-03-02T06:00:00
PO-100123,munich,SUP-1002,Continental,PN-LMP-500,Headlamp module,24,24.0,False,2026-02-21 11:00:00,2026-02-27 11:00:00,Kuehne+Nagel,AT_HUB,2026-02-27 11:00:00,2026-02-27 08:00:00,2026-02-27 08:00:00,ARRIVED,-3.0,ON_TIME,12.0,2026-03-02T06:00:00
PO-100240,munich,SUP-1002,Continental,PN-HRN-400,Wiring harness,48,48.0,False,2026-02-23 12:00:00,2026-02-27 12:00:00,DHL Freight,IN_TRANSIT,2026-02-27 12:00:00,2026-02-27 13:00:00,2026-02-27 13:00:00,ARRIVED,1.0,ON_TIME,12.0,2026-03-02T06:00:00
PO-100182,munich,SUP-1005,Hella,PN-HRN-400,Wiring harness,96,96.0,False,2026-02-24 12:00:00,2026-02-27 12:00:00,DHL Freight,IN_TRANSIT,2026-02-27 12:00:00,2026-02-27 11:00:00,2026-02-27 11:00:00,ARRIVED,-1.0,ON_TIME,12.0,2026-03-02T06:00:00
PO-100170,munich,SUP-1005,Hella,PN-SNS-300,Wheel speed sensor,144,144.0,False,2026-02-23 12:00:00,2026-02-27 12:00:00,DHL Freight,AT_HUB,2026-02-27 12:00:00,2026-02-27 10:00:00,2026-02-27 10:00:00,ARRIVED,-2.0,ON_TIME,12.0,2026-03-02T06:00:00
PO-100387,munich,SUP-1002,Continental,PN-ALT-200,Alternator,48,48.0,False,2026-02-21 13:00:00,2026-02-27 13:00:00,DB Schenker,PICKED_UP,2026-02-27 13:00:00,2026-02-27 11:00:00,2026-02-27 11:00:00,ARRIVED,-2.0,ON_TIME,12.0,2026-03-02T06:00:00
PO-100121,munich,SUP-1005,Hella,PN-SNS-300,Wheel speed sensor,12,12.0,False,2026-02-22 13:00:00,2026-02-27 13:00:00,DB Schenker,OUT_FOR_DELIVERY,2026-02-27 13:00:00,2026-02-27 13:00:00,2026-02-27 13:00:00,ARRIVED,0.0,ON_TIME,12.0,2026-03-02T06:00:00
PO-100238,munich,SUP-1005,Hella,PN-HRN-400,Wiring harness,144,,False,2026-02-23 13:00:00,2026-02-27 13:00:00,DB Schenker,OUT_FOR_DELIVERY,2026-02-27 13:00:00,,2026-02-27 13:00:00,IN_TRANSIT,0.0,LOW,12.0,2026-03-02T06:00:00
PO-100248,munich,SUP-1002,Continental,PN-ALT-200,Alternator,96,96.0,False,2026-02-22 14:00:00,2026-02-27 14:00:00,DB Schenker,AT_HUB,2026-02-27 14:00:00,2026-02-27 14:00:00,2026-02-27 14:00:00,ARRIVED,0.0,ON_TIME,12.0,2026-03-02T06:00:00
PO-100439,munich,SUP-1001,Bosch,PN-SNS-300,Wheel speed sensor,48,48.0,False,2026-02-23 14:00:00,2026-02-27 14:00:00,DHL Freight,AT_HUB,2026-02-27 17:00:00,2026-02-27 13:00:00,2026-02-27 13:00:00,ARRIVED,-1.0,ON_TIME,12.0,2026-03-02T06:00:00
PO-100435,munich,SUP-1005,Hella,PN-LMP-500,Headlamp module,96,96.0,False,2026-02-23 14:00:00,2026-02-27 14:00:00,DB Schenker,IN_TRANSIT,2026-02-27 14:00:00,2026-02-27 14:00:00,2026-02-27 14:00:00,ARRIVED,0.0,ON_TIME,12.0,2026-03-02T06:00:00
PO-100275,munich,SUP-1001,Bosch,PN-BRK-100,Brake caliper,24,24.0,False,2026-02-21 14:00:00,2026-02-27 14:00:00,DHL Freight,PICKED_UP,2026-02-27 14:00:00,2026-02-27 14:00:00,2026-02-27 14:00:00,ARRIVED,0.0,ON_TIME,12.0,2026-03-02T06:00:00
PO-100281,munich,SUP-1001,Bosch,PN-HRN-400,Wiring harness,96,96.0,False,2026-02-22 14:00:00,2026-02-27 14:00:00,DB Schenker,OUT_FOR_DELIVERY,2026-02-27 14:00:00,2026-02-27 14:00:00,2026-02-27 14:00:00,ARRIVED,0.0,ON_TIME,12.0,2026-03-02T06:00:00
PO-100253,munich,SUP-1001,Bosch,PN-ALT-200,Alternator,24,24.0,False,2026-02-24 14:00:00,2026-02-27 14:00:00,DB Schenker,PICKED_UP,2026-02-27 14:00:00,2026-02-27 11:00:00,2026-02-27 11:00:00,ARRIVED,-3.0,ON_TIME,12.0,2026-03-02T06:00:00
PO-100246,munich,SUP-1005,Hella,PN-BRK-100,Brake caliper,96,96.0,False,2026-02-20 15:00:00,2026-02-27 15:00:00,,,,2026-02-28 15:00:00,2026-02-28 15:00:00,ARRIVED,24.0,LATE,12.0,2026-03-02T06:00:00
PO-100028,munich,SUP-1004,Mahle,PN-HRN-400,Wiring harness,24,24.0,False,2026-02-22 15:00:00,2026-02-27 15:00:00,DB Schenker,OUT_FOR_DELIVERY,2026-02-27 15:00:00,2026-02-27 12:00:00,2026-02-27 12:00:00,ARRIVED,-3.0,ON_TIME,12.0,2026-03-02T06:00:00
PO-100054,munich,SUP-1004,Mahle,PN-BRK-100,Brake caliper,12,12.0,False,2026-02-23 15:00:00,2026-02-27 15:00:00,,,,2026-02-27 12:00:00,2026-02-27 12:00:00,ARRIVED,-3.0,ON_TIME,12.0,2026-03-02T06:00:00
PO-100265,munich,SUP-1003,ZF Friedrichshafen,PN-LMP-500,Headlamp module,24,24.0,False,2026-02-22 15:00:00,2026-02-27 15:00:00,Kuehne+Nagel,AT_HUB,2026-02-27 15:00:00,2026-02-27 13:00:00,2026-02-27 13:00:00,ARRIVED,-2.0,ON_TIME,12.0,2026-03-02T06:00:00
PO-100233,munich,SUP-1004,Mahle,PN-BRK-100,Brake caliper,144,144.0,False,2026-02-24 15:00:00,2026-02-27 15:00:00,DB Schenker,IN_TRANSIT,2026-02-27 15:00:00,2026-02-27 13:00:00,2026-02-27 13:00:00,ARRIVED,-2.0,ON_TIME,12.0,2026-03-02T06:00:00
PO-100418,munich,SUP-1001,Bosch,PN-BRK-100,Brake caliper,144,144.0,False,2026-02-22 06:00:00,2026-02-28 06:00:00,DHL Freight,PICKED_UP,2026-02-28 06:00:00,2026-02-28 03:00:00,2026-02-28 03:00:00,ARRIVED,-3.0,ON_TIME,12.0,2026-03-02T06:00:00
PO-100191,munich,SUP-1004,Mahle,PN-BRK-100,Brake caliper,144,144.0,False,2026-02-22 06:00:00,2026-02-28 06:00:00,Kuehne+Nagel,OUT_FOR_DELIVERY,2026-02-28 08:00:00,2026-02-28 05:00:00,2026-02-28 05:00:00,ARRIVED,-1.0,ON_TIME,12.0,2026-03-02T06:00:00
PO-100181,munich,SUP-1005,Hella,PN-ALT-200,Alternator,96,96.0,False,2026-02-25 07:00:00,2026-02-28 07:00:00,,,,2026-02-28 09:00:00,2026-02-28 09:00:00,ARRIVED,2.0,ON_TIME,12.0,2026-03-02T06:00:00
PO-100163,munich,SUP-1001,Bosch,PN-ALT-200,Alternator,24,20.0,True,2026-02-21 08:00:00,2026-02-28 08:00:00,DB Schenker,IN_TRANSIT,2026-02-28 08:00:00,2026-02-28 07:00:00,2026-02-28 07:00:00,ARRIVED,-1.0,ON_TIME,12.0,2026-03-02T06:00:00
PO-100158,munich,SUP-1005,Hella,PN-ALT-200,Alternator,144,,False,2026-02-21 08:00:00,2026-02-28 08:00:00,DB Schenker,OUT_FOR_DELIVERY,2026-03-02 08:00:00,,2026-03-02 08:00:00,IN_TRANSIT,48.0,HIGH,12.0,2026-03-02T06:00:00
PO-100151,munich,SUP-1005,Hella,PN-SNS-300,Wheel speed sensor,96,,False,2026-02-25 08:00:00,2026-02-28 08:00:00,DSV,OUT_FOR_DELIVERY,2026-02-28 08:00:00,,2026-02-28 08:00:00,IN_TRANSIT,0.0,LOW,12.0,2026-03-02T06:00:00
PO-100101,munich,SUP-1004,Mahle,PN-HRN-400,Wiring harness,24,24.0,False,2026-02-25 08:00:00,2026-02-28 08:00:00,,,,2026-02-28 09:00:00,2026-02-28 09:00:00,ARRIVED,1.0,ON_TIME,12.0,2026-03-02T06:00:00
PO-100106,munich,SUP-1004,Mahle,PN-LMP-500,Headlamp module,12,11.0,True,2026-02-22 08:00:00,2026-02-28 08:00:00,DB Schenker,OUT_FOR_DELIVERY,2026-02-28 08:00:00,2026-02-28 05:00:00,2026-02-28 05:00:00,ARRIVED,-3.0,ON_TIME,12.0,2026-03-02T06:00:00
PO-100069,munich,SUP-1003,ZF Friedrichshafen,PN-LMP-500,Headlamp module,96,96.0,False,2026-02-22 08:00:00,2026-02-28 08:00:00,Kuehne+Nagel,AT_HUB,2026-02-28 08:00:00,2026-02-28 05:00:00,2026-02-28 05:00:00,ARRIVED,-3.0,ON_TIME,12.0,2026-03-02T06:00:00
PO-100381,munich,SUP-1005,Hella,PN-BRK-100,Brake caliper,96,92.0,True,2026-02-23 09:00:00,2026-02-28 09:00:00,Kuehne+Nagel,OUT_FOR_DELIVERY,2026-02-28 09:00:00,2026-02-28 05:00:00,2026-02-28 05:00:00,ARRIVED,-4.0,ON_TIME,12.0,2026-03-02T06:00:00
PO-100157,munich,SUP-1002,Continental,PN-SNS-300,Wheel speed sensor,48,48.0,False,2026-02-22 09:00:00,2026-02-28 09:00:00,Kuehne+Nagel,IN_TRANSIT,2026-02-28 09:00:00,2026-02-28 10:00:00,2026-02-28 10:00:00,ARRIVED,1.0,ON_TIME,12.0,2026-03-02T06:00:00
PO-100282,munich,SUP-1001,Bosch,PN-LMP-500,Headlamp module,144,144.0,False,2026-02-21 09:00:00,2026-02-28 09:00:00,DB Schenker,OUT_FOR_DELIVERY,2026-02-28 10:00:00,2026-02-28 10:00:00,2026-02-28 10:00:00,ARRIVED,1.0,ON_TIME,12.0,2026-03-02T06:00:00
PO-100294,munich,SUP-1004,Mahle,PN-BRK-100,Brake caliper,96,96.0,False,2026-02-22 10:00:00,2026-02-28 10:00:00,Kuehne+Nagel,PICKED_UP,2026-02-28 11:00:00,2026-02-28 09:00:00,2026-02-28 09:00:00,ARRIVED,-1.0,ON_TIME,12.0,2026-03-02T06:00:00
PO-100270,munich,SUP-1003,ZF Friedrichshafen,PN-BRK-100,Brake caliper,144,144.0,False,2026-02-23 10:00:00,2026-02-28 10:00:00,DSV,AT_HUB,2026-02-28 10:00:00,2026-02-28 07:00:00,2026-02-28 07:00:00,ARRIVED,-3.0,ON_TIME,12.0,2026-03-02T06:00:00
PO-100364,munich,SUP-1005,Hella,PN-ALT-200,Alternator,96,96.0,False,2026-02-21 12:00:00,2026-02-28 12:00:00,DSV,OUT_FOR_DELIVERY,2026-02-28 12:00:00,2026-02-28 12:00:00,2026-02-28 12:00:00,ARRIVED,0.0,ON_TIME,12.0,2026-03-02T06:00:00
PO-100105,munich,SUP-1003,ZF Friedrichshafen,PN-BRK-100,Brake caliper,12,12.0,False,2026-02-23 12:00:00,2026-02-28 12:00:00,DHL Freight,PICKED_UP,2026-02-28 12:00:00,2026-02-28 13:00:00,2026-02-28 13:00:00,ARRIVED,1.0,ON_TIME,12.0,2026-03-02T06:00:00
PO-100337,munich,SUP-1004,Mahle,PN-SNS-300,Wheel speed sensor,12,12.0,False,2026-02-21 12:00:00,2026-02-28 12:00:00,DHL Freight,AT_HUB,2026-02-28 12:00:00,2026-02-28 13:00:00,2026-02-28 13:00:00,ARRIVED,1.0,ON_TIME,12.0,2026-03-02T06:00:00
PO-100022,munich,SUP-1003,ZF Friedrichshafen,PN-ALT-200,Alternator,96,96.0,False,2026-02-21 12:00:00,2026-02-28 12:00:00,DB Schenker,AT_HUB,2026-02-28 18:00:00,2026-02-28 17:00:00,2026-02-28 17:00:00,ARRIVED,5.0,LATE,12.0,2026-03-02T06:00:00
PO-100141,munich,SUP-1002,Continental,PN-SNS-300,Wheel speed sensor,24,24.0,False,2026-02-25 13:00:00,2026-02-28 13:00:00,DB Schenker,AT_HUB,2026-02-28 13:00:00,2026-02-28 09:00:00,2026-02-28 09:00:00,ARRIVED,-4.0,ON_TIME,12.0,2026-03-02T06:00:00
PO-100411,munich,SUP-1003,ZF Friedrichshafen,PN-HRN-400,Wiring harness,144,144.0,False,2026-02-24 13:00:00,2026-02-28 13:00:00,Kuehne+Nagel,AT_HUB,2026-02-28 19:00:00,2026-02-28 19:00:00,2026-02-28 19:00:00,ARRIVED,6.0,LATE,12.0,2026-03-02T06:00:00
PO-100376,munich,SUP-1003,ZF Friedrichshafen,PN-HRN-400,Wiring harness,12,12.0,False,2026-02-23 13:00:00,2026-02-28 13:00:00,Kuehne+Nagel,PICKED_UP,2026-02-28 13:00:00,2026-02-28 12:00:00,2026-02-28 12:00:00,ARRIVED,-1.0,ON_TIME,12.0,2026-03-02T06:00:00
PO-100425,munich,SUP-1005,Hella,PN-SNS-300,Wheel speed sensor,24,24.0,False,2026-02-25 13:00:00,2026-02-28 13:00:00,DB Schenker,PICKED_UP,2026-03-01 13:00:00,2026-03-01 09:00:00,2026-03-01 09:00:00,ARRIVED,20.0,LATE,12.0,2026-03-02T06:00:00
PO-100485,munich,SUP-1005,Hella,PN-HRN-400,Wiring harness,48,48.0,False,2026-02-22 13:00:00,2026-02-28 13:00:00,DSV,IN_TRANSIT,2026-02-28 13:00:00,2026-02-28 13:00:00,2026-02-28 13:00:00,ARRIVED,0.0,ON_TIME,12.0,2026-03-02T06:00:00
PO-100301,munich,SUP-1005,Hella,PN-SNS-300,Wheel speed sensor,48,48.0,False,2026-02-23 14:00:00,2026-02-28 14:00:00,Kuehne+Nagel,OUT_FOR_DELIVERY,2026-02-28 14:00:00,2026-02-28 11:00:00,2026-02-28 11:00:00,ARRIVED,-3.0,ON_TIME,12.0,2026-03-02T06:00:00
PO-100225,munich,SUP-1004,Mahle,PN-ALT-200,Alternator,48,48.0,False,2026-02-24 14:00:00,2026-02-28 14:00:00,DB Schenker,AT_HUB,2026-02-28 14:00:00,2026-02-28 12:00:00,2026-02-28 12:00:00,ARRIVED,-2.0,ON_TIME,12.0,2026-03-02T06:00:00
PO-100194,munich,SUP-1004,Mahle,PN-HRN-400,Wiring harness,144,144.0,False,2026-02-24 14:00:00,2026-02-28 14:00:00,DB Schenker,PICKED_UP,2026-02-28 20:00:00,2026-02-28 21:00:00,2026-02-28 21:00:00,ARRIVED,7.0,LATE,12.0,2026-03-02T06:00:00
PO-100161,munich,SUP-1005,Hella,PN-LMP-500,Headlamp module,144,144.0,False,2026-02-24 15:00:00,2026-02-28 15:00:00,DB Schenker,PICKED_UP,2026-02-28 15:00:00,2026-02-28 11:00:00,2026-02-28 11:00:00,ARRIVED,-4.0,ON_TIME,12.0,2026-03-02T06:00:00
PO-100358,munich,SUP-1005,Hella,PN-HRN-400,Wiring harness,12,12.0,False,2026-02-22 15:00:00,2026-02-28 15:00:00,DSV,PICKED_UP,2026-02-28 17:00:00,2026-02-28 18:00:00,2026-02-28 18:00:00,ARRIVED,3.0,LATE,12.0,2026-03-02T06:00:00
PO-100143,munich,SUP-1001,Bosch,PN-HRN-400,Wiring harness,24,24.0,False,2026-02-24 15:00:00,2026-02-28 15:00:00,Kuehne+Nagel,AT_HUB,2026-02-28 15:00:00,2026-02-28 15:00:00,2026-02-28 15:00:00,ARRIVED,0.0,ON_TIME,12.0,2026-03-02T06:00:00
PO-100090,munich,SUP-1004,Mahle,PN-SNS-300,Wheel speed sensor,48,48.0,False,2026-02-24 15:00:00,2026-02-28 15:00:00,Kuehne+Nagel,IN_TRANSIT,2026-02-28 15:00:00,2026-02-28 11:00:00,2026-02-28 11:00:00,ARRIVED,-4.0,ON_TIME,12.0,2026-03-02T06:00:00
PO-100247,munich,SUP-1004,Mahle,PN-LMP-500,Headlamp module,24,24.0,False,2026-02-24 15:00:00,2026-02-28 15:00:00,Kuehne+Nagel,IN_TRANSIT,2026-02-28 17:00:00,2026-02-28 15:00:00,2026-02-28 15:00:00,ARRIVED,0.0,ON_TIME,12.0,2026-03-02T06:00:00
PO-100221,munich,SUP-1002,Continental,PN-ALT-200,Alternator,144,144.0,False,2026-02-25 06:00:00,2026-03-01 06:00:00,Kuehne+Nagel,AT_HUB,2026-03-01 06:00:00,2026-03-01 06:00:00,2026-03-01 06:00:00,ARRIVED,0.0,ON_TIME,12.0,2026-03-02T06:00:00
PO-100379,munich,SUP-1002,Continental,PN-SNS-300,Wheel speed sensor,96,96.0,False,2026-02-22 06:00:00,2026-03-01 06:00:00,DSV,IN_TRANSIT,2026-03-01 06:00:00,2026-03-01 06:00:00,2026-03-01 06:00:00,ARRIVED,0.0,ON_TIME,12.0,2026-03-02T06:00:00
PO-100018,munich,SUP-1005,Hella,PN-ALT-200,Alternator,144,,False,2026-02-22 06:00:00,2026-03-01 06:00:00,Kuehne+Nagel,IN_TRANSIT,2026-03-03 06:00:00,,2026-03-03 06:00:00,IN_TRANSIT,48.0,HIGH,12.0,2026-03-02T06:00:00
PO-100475,munich,SUP-1001,Bosch,PN-BRK-100,Brake caliper,144,144.0,False,2026-02-22 07:00:00,2026-03-01 07:00:00,DB Schenker,IN_TRANSIT,2026-03-01 10:00:00,2026-03-01 09:00:00,2026-03-01 09:00:00,ARRIVED,2.0,ON_TIME,12.0,2026-03-02T06:00:00
PO-100346,munich,SUP-1004,Mahle,PN-HRN-400,Wiring harness,12,12.0,False,2026-02-23 08:00:00,2026-03-01 08:00:00,Kuehne+Nagel,PICKED_UP,2026-03-01 08:00:00,2026-03-01 08:00:00,2026-03-01 08:00:00,ARRIVED,0.0,ON_TIME,12.0,2026-03-02T06:00:00
PO-100274,munich,SUP-1002,Continental,PN-ALT-200,Alternator,96,96.0,False,2026-02-22 08:00:00,2026-03-01 08:00:00,Kuehne+Nagel,OUT_FOR_DELIVERY,2026-03-01 08:00:00,2026-03-01 05:00:00,2026-03-01 05:00:00,ARRIVED,-3.0,ON_TIME,12.0,2026-03-02T06:00:00
PO-100178,munich,SUP-1004,Mahle,PN-SNS-300,Wheel speed sensor,24,24.0,False,2026-02-23 08:00:00,2026-03-01 08:00:00,DHL Freight,AT_HUB,2026-03-01 08:00:00,2026-03-01 05:00:00,2026-03-01 05:00:00,ARRIVED,-3.0,ON_TIME,12.0,2026-03-02T06:00:00
PO-100058,munich,SUP-1004,Mahle,PN-HRN-400,Wiring harness,96,96.0,False,2026-02-23 08:00:00,2026-03-01 08:00:00,DHL Freight,OUT_FOR_DELIVERY,2026-03-01 11:00:00,2026-03-01 10:00:00,2026-03-01 10:00:00,ARRIVED,2.0,ON_TIME,12.0,2026-03-02T06:00:00
PO-100462,munich,SUP-1003,ZF Friedrichshafen,PN-HRN-400,Wiring harness,24,24.0,False,2026-02-23 08:00:00,2026-03-01 08:00:00,DSV,OUT_FOR_DELIVERY,2026-03-01 08:00:00,2026-03-01 05:00:00,2026-03-01 05:00:00,ARRIVED,-3.0,ON_TIME,12.0,2026-03-02T06:00:00
PO-100174,munich,SUP-1003,ZF Friedrichshafen,PN-SNS-300,Wheel speed sensor,144,144.0,False,2026-02-22 08:00:00,2026-03-01 08:00:00,DHL Freight,OUT_FOR_DELIVERY,2026-03-01 08:00:00,2026-03-01 09:00:00,2026-03-01 09:00:00,ARRIVED,1.0,ON_TIME,12.0,2026-03-02T06:00:00
PO-100175,munich,SUP-1001,Bosch,PN-HRN-400,Wiring harness,24,24.0,False,2026-02-24 08:00:00,2026-03-01 08:00:00,Kuehne+Nagel,AT_HUB,2026-03-01 08:00:00,2026-03-01 05:00:00,2026-03-01 05:00:00,ARRIVED,-3.0,ON_TIME,12.0,2026-03-02T06:00:00
PO-100093,munich,SUP-1001,Bosch,PN-HRN-400,Wiring harness,48,48.0,False,2026-02-23 09:00:00,2026-03-01 09:00:00,DB Schenker,AT_HUB,2026-03-01 09:00:00,2026-03-01 06:00:00,2026-03-01 06:00:00,ARRIVED,-3.0,ON_TIME,12.0,2026-03-02T06:00:00
PO-100491,munich,SUP-1002,Continental,PN-BRK-100,Brake caliper,48,,False,2026-02-25 09:00:00,2026-03-01 09:00:00,DHL Freight,OUT_FOR_DELIVERY,2026-03-01 09:00:00,,2026-03-01 09:00:00,IN_TRANSIT,0.0,LOW,12.0,2026-03-02T06:00:00
PO-100272,munich,SUP-1003,ZF Friedrichshafen,PN-LMP-500,Headlamp module,12,12.0,False,2026-02-23 09:00:00,2026-03-01 09:00:00,DSV,IN_TRANSIT,2026-03-01 09:00:00,2026-03-01 05:00:00,2026-03-01 05:00:00,ARRIVED,-4.0,ON_TIME,12.0,2026-03-02T06:00:00
PO-100048,munich,SUP-1001,Bosch,PN-LMP-500,Headlamp module,12,12.0,False,2026-02-25 09:00:00,2026-03-01 09:00:00,DHL Freight,OUT_FOR_DELIVERY,2026-03-01 10:00:00,2026-03-01 09:00:00,2026-03-01 09:00:00,ARRIVED,0.0,ON_TIME,12.0,2026-03-02T06:00:00
PO-100490,munich,SUP-1001,Bosch,PN-ALT-200,Alternator,12,12.0,False,2026-02-22 10:00:00,2026-03-01 10:00:00,DHL Freight,OUT_FOR_DELIVERY,2026-03-01 10:00:00,2026-03-01 06:00:00,2026-03-01 06:00:00,ARRIVED,-4.0,ON_TIME,12.0,2026-03-02T06:00:00
PO-100351,munich,SUP-1003,ZF Friedrichshafen,PN-BRK-100,Brake caliper,144,140.0,True,2026-02-25 10:00:00,2026-03-01 10:00:00,Kuehne+Nagel,PICKED_UP,2026-03-01 10:00:00,2026-03-01 08:00:00,2026-03-01 08:00:00,ARRIVED,-2.0,ON_TIME,12.0,2026-03-02T06:00:00
PO-100184,munich,SUP-1003,ZF Friedrichshafen,PN-LMP-500,Headlamp module,144,144.0,False,2026-02-25 10:00:00,2026-03-01 10:00:00,DHL Freight,OUT_FOR_DELIVERY,2026-03-01 10:00:00,2026-03-01 08:00:00,2026-03-01 08:00:00,ARRIVED,-2.0,ON_TIME,12.0,2026-03-02T06:00:00
PO-100380,munich,SUP-1005,Hella,PN-SNS-300,Wheel speed sensor,48,,False,2026-02-23 10:00:00,2026-03-01 10:00:00,Kuehne+Nagel,IN_TRANSIT,2026-03-03 10:00:00,,2026-03-03 10:00:00,IN_TRANSIT,48.0,HIGH,12.0,2026-03-02T06:00:00
PO-100290,munich,SUP-1004,Mahle,PN-ALT-200,Alternator,96,96.0,False,2026-02-24 11:00:00,2026-03-01 11:00:00,DB Schenker,PICKED_UP,2026-03-01 11:00:00,2026-03-01 08:00:00,2026-03-01 08:00:00,ARRIVED,-3.0,ON_TIME,12.0,2026-03-02T06:00:00
PO-100256,munich,SUP-1005,Hella,PN-BRK-100,Brake caliper,12,12.0,False,2026-02-23 11:00:00,2026-03-01 11:00:00,DB Schenker,AT_HUB,2026-03-01 11:00:00,2026-03-01 07:00:00,2026-03-01 07:00:00,ARRIVED,-4.0,ON_TIME,12.0,2026-03-02T06:00:00
PO-100012,munich,SUP-1002,Continental,PN-SNS-300,Wheel speed sensor,96,96.0,False,2026-02-23 11:00:00,2026-03-01 11:00:00,DHL Freight,IN_TRANSIT,2026-03-01 11:00:00,2026-03-01 07:00:00,2026-03-01 07:00:00,ARRIVED,-4.0,ON_TIME,12.0,2026-03-02T06:00:00
PO-100442,munich,SUP-1002,Continental,PN-SNS-300,Wheel speed sensor,96,,False,2026-02-24 11:00:00,2026-03-01 11:00:00,,,,,,NO_TRACKING,,MEDIUM,12.0,2026-03-02T06:00:00
PO-100013,munich,SUP-1002,Continental,PN-BRK-100,Brake caliper,12,12.0,False,2026-02-26 11:00:00,2026-03-01 11:00:00,DB Schenker,IN_TRANSIT,2026-03-01 11:00:00,2026-03-01 08:00:00,2026-03-01 08:00:00,ARRIVED,-3.0,ON_TIME,12.0,2026-03-02T06:00:00
PO-100084,munich,SUP-1001,Bosch,PN-ALT-200,Alternator,96,96.0,False,2026-02-22 12:00:00,2026-03-01 12:00:00,DB Schenker,PICKED_UP,2026-03-01 12:00:00,2026-03-01 13:00:00,2026-03-01 13:00:00,ARRIVED,1.0,ON_TIME,12.0,2026-03-02T06:00:00
PO-100165,munich,SUP-1004,Mahle,PN-LMP-500,Headlamp module,48,48.0,False,2026-02-22 12:00:00,2026-03-01 12:00:00,DB Schenker,IN_TRANSIT,2026-03-01 14:00:00,2026-03-01 12:00:00,2026-03-01 12:00:00,ARRIVED,0.0,ON_TIME,12.0,2026-03-02T06:00:00
PO-100080,munich,SUP-1001,Bosch,PN-SNS-300,Wheel speed sensor,96,96.0,False,2026-02-23 12:00:00,2026-03-01 12:00:00,DHL Freight,PICKED_UP,2026-03-01 12:00:00,2026-03-01 12:00:00,2026-03-01 12:00:00,ARRIVED,0.0,ON_TIME,12.0,2026-03-02T06:00:00
PO-100128,munich,SUP-1002,Continental,PN-BRK-100,Brake caliper,96,96.0,False,2026-02-25 13:00:00,2026-03-01 13:00:00,DHL Freight,PICKED_UP,2026-03-01 13:00:00,2026-03-01 13:00:00,2026-03-01 13:00:00,ARRIVED,0.0,ON_TIME,12.0,2026-03-02T06:00:00
PO-100063,munich,SUP-1003,ZF Friedrichshafen,PN-ALT-200,Alternator,96,96.0,False,2026-02-26 13:00:00,2026-03-01 13:00:00,Kuehne+Nagel,PICKED_UP,2026-03-01 13:00:00,2026-03-01 14:00:00,2026-03-01 14:00:00,ARRIVED,1.0,ON_TIME,12.0,2026-03-02T06:00:00
PO-100040,munich,SUP-1003,ZF Friedrichshafen,PN-BRK-100,Brake caliper,96,96.0,False,2026-02-26 13:00:00,2026-03-01 13:00:00,DSV,OUT_FOR_DELIVERY,2026-03-01 13:00:00,2026-03-01 13:00:00,2026-03-01 13:00:00,ARRIVED,0.0,ON_TIME,12.0,2026-03-02T06:00:00
PO-100017,munich,SUP-1003,ZF Friedrichshafen,PN-BRK-100,Brake caliper,12,12.0,False,2026-02-22 13:00:00,2026-03-01 13:00:00,DHL Freight,PICKED_UP,2026-03-01 13:00:00,2026-03-01 14:00:00,2026-03-01 14:00:00,ARRIVED,1.0,ON_TIME,12.0,2026-03-02T06:00:00
PO-100469,munich,SUP-1004,Mahle,PN-LMP-500,Headlamp module,144,,False,2026-02-24 14:00:00,2026-03-01 14:00:00,DSV,PICKED_UP,2026-03-02 14:00:00,,2026-03-02 14:00:00,IN_TRANSIT,24.0,HIGH,12.0,2026-03-02T06:00:00
PO-100092,munich,SUP-1001,Bosch,PN-LMP-500,Headlamp module,144,144.0,False,2026-02-26 14:00:00,2026-03-01 14:00:00,DSV,IN_TRANSIT,2026-03-01 14:00:00,2026-03-01 15:00:00,2026-03-01 15:00:00,ARRIVED,1.0,ON_TIME,12.0,2026-03-02T06:00:00
PO-100053,munich,SUP-1004,Mahle,PN-LMP-500,Headlamp module,12,12.0,False,2026-02-23 14:00:00,2026-03-01 14:00:00,DSV,PICKED_UP,2026-03-01 14:00:00,2026-03-01 11:00:00,2026-03-01 11:00:00,ARRIVED,-3.0,ON_TIME,12.0,2026-03-02T06:00:00
PO-100050,munich,SUP-1002,Continental,PN-SNS-300,Wheel speed sensor,144,144.0,False,2026-02-24 15:00:00,2026-03-01 15:00:00,DSV,OUT_FOR_DELIVERY,2026-03-01 15:00:00,2026-03-01 11:00:00,2026-03-01 11:00:00,ARRIVED,-4.0,ON_TIME,12.0,2026-03-02T06:00:00
PO-100179,munich,SUP-1001,Bosch,PN-ALT-200,Alternator,144,144.0,False,2026-02-22 15:00:00,2026-03-01 15:00:00,,,,2026-03-01 13:00:00,2026-03-01 13:00:00,ARRIVED,-2.0,ON_TIME,12.0,2026-03-02T06:00:00
PO-100318,munich,SUP-1004,Mahle,PN-ALT-200,Alternator,96,96.0,False,2026-02-26 15:00:00,2026-03-01 15:00:00,DSV,AT_HUB,2026-03-01 15:00:00,2026-03-01 16:00:00,2026-03-01 16:00:00,ARRIVED,1.0,ON_TIME,12.0,2026-03-02T06:00:00
PO-100333,munich,SUP-1004,Mahle,PN-SNS-300,Wheel speed sensor,96,96.0,False,2026-02-22 15:00:00,2026-03-01 15:00:00,DHL Freight,OUT_FOR_DELIVERY,2026-03-01 15:00:00,2026-03-01 11:00:00,2026-03-01 11:00:00,ARRIVED,-4.0,ON_TIME,12.0,2026-03-02T06:00:00
PO-100267,munich,SUP-1005,Hella,PN-LMP-500,Headlamp module,96,96.0,False,2026-02-25 15:00:00,2026-03-01 15:00:00,DSV,OUT_FOR_DELIVERY,2026-03-01 15:00:00,2026-03-01 15:00:00,2026-03-01 15:00:00,ARRIVED,0.0,ON_TIME,12.0,2026-03-02T06:00:00
PO-100353,munich,SUP-1002,Continental,PN-BRK-100,Brake caliper,96,,False,2026-02-27 06:00:00,2026-03-02 06:00:00,DSV,AT_HUB,2026-03-02 08:00:00,,2026-03-02 08:00:00,IN_TRANSIT,2.0,LOW,12.0,2026-03-02T06:00:00
PO-100350,munich,SUP-1005,Hella,PN-ALT-200,Alternator,24,24.0,False,2026-02-24 06:00:00,2026-03-02 06:00:00,Kuehne+Nagel,PICKED_UP,2026-03-02 06:00:00,2026-03-02 02:00:00,2026-03-02 02:00:00,ARRIVED,-4.0,ON_TIME,12.0,2026-03-02T06:00:00
PO-100199,munich,SUP-1002,Continental,PN-SNS-300,Wheel speed sensor,144,144.0,False,2026-02-26 06:00:00,2026-03-02 06:00:00,DB Schenker,AT_HUB,2026-03-02 06:00:00,2026-03-02 06:00:00,2026-03-02 06:00:00,ARRIVED,0.0,ON_TIME,12.0,2026-03-02T06:00:00
PO-100009,munich,SUP-1003,ZF Friedrichshafen,PN-LMP-500,Headlamp module,12,,False,2026-02-23 07:00:00,2026-03-02 07:00:00,Kuehne+Nagel,OUT_FOR_DELIVERY,2026-03-02 07:00:00,,2026-03-02 07:00:00,IN_TRANSIT,0.0,LOW,12.0,2026-03-02T06:00:00
PO-100087,munich,SUP-1003,ZF Friedrichshafen,PN-SNS-300,Wheel speed sensor,12,,False,2026-02-23 07:00:00,2026-03-02 07:00:00,DHL Freight,AT_HUB,2026-03-02 07:00:00,,2026-03-02 07:00:00,IN_TRANSIT,0.0,LOW,12.0,2026-03-02T06:00:00
PO-100008,munich,SUP-1004,Mahle,PN-BRK-100,Brake caliper,12,,False,2026-02-26 07:00:00,2026-03-02 07:00:00,DHL Freight,OUT_FOR_DELIVERY,2026-03-02 07:00:00,,2026-03-02 07:00:00,IN_TRANSIT,0.0,LOW,12.0,2026-03-02T06:00:00
PO-100250,munich,SUP-1001,Bosch,PN-ALT-200,Alternator,48,,False,2026-02-25 08:00:00,2026-03-02 08:00:00,Kuehne+Nagel,AT_HUB,2026-03-02 09:00:00,,2026-03-02 09:00:00,IN_TRANSIT,1.0,LOW,12.0,2026-03-02T06:00:00
PO-100499,munich,SUP-1005,Hella,PN-SNS-300,Wheel speed sensor,12,,False,2026-02-27 08:00:00,2026-03-02 08:00:00,DSV,PICKED_UP,2026-03-02 09:00:00,,2026-03-02 09:00:00,IN_TRANSIT,1.0,LOW,12.0,2026-03-02T06:00:00
PO-100124,munich,SUP-1002,Continental,PN-SNS-300,Wheel speed sensor,48,,False,2026-02-24 09:00:00,2026-03-02 09:00:00,Kuehne+Nagel,OUT_FOR_DELIVERY,2026-03-02 09:00:00,,2026-03-02 09:00:00,IN_TRANSIT,0.0,LOW,12.0,2026-03-02T06:00:00
PO-100486,munich,SUP-1005,Hella,PN-LMP-500,Headlamp module,12,,False,2026-02-24 09:00:00,2026-03-02 09:00:00,Kuehne+Nagel,PICKED_UP,2026-03-02 09:00:00,,2026-03-02 09:00:00,IN_TRANSIT,0.0,LOW,12.0,2026-03-02T06:00:00
PO-100127,munich,SUP-1004,Mahle,PN-HRN-400,Wiring harness,24,,False,2026-02-25 10:00:00,2026-03-02 10:00:00,DB Schenker,IN_TRANSIT,2026-03-02 11:00:00,,2026-03-02 11:00:00,IN_TRANSIT,1.0,LOW,12.0,2026-03-02T06:00:00
PO-100263,munich,SUP-1002,Continental,PN-ALT-200,Alternator,144,,False,2026-02-26 10:00:00,2026-03-02 10:00:00,DHL Freight,AT_HUB,2026-03-02 10:00:00,,2026-03-02 10:00:00,IN_TRANSIT,0.0,LOW,12.0,2026-03-02T06:00:00
PO-100430,munich,SUP-1002,Continental,PN-ALT-200,Alternator,24,,False,2026-02-23 10:00:00,2026-03-02 10:00:00,DHL Freight,PICKED_UP,2026-03-02 10:00:00,,2026-03-02 10:00:00,IN_TRANSIT,0.0,LOW,12.0,2026-03-02T06:00:00
PO-100112,munich,SUP-1005,Hella,PN-SNS-300,Wheel speed sensor,24,,False,2026-02-23 10:00:00,2026-03-02 10:00:00,DB Schenker,PICKED_UP,2026-03-02 10:00:00,,2026-03-02 10:00:00,IN_TRANSIT,0.0,LOW,12.0,2026-03-02T06:00:00
PO-100480,munich,SUP-1005,Hella,PN-LMP-500,Headlamp module,96,,False,2026-02-24 11:00:00,2026-03-02 11:00:00,Kuehne+Nagel,AT_HUB,2026-03-02 11:00:00,,2026-03-02 11:00:00,IN_TRANSIT,0.0,LOW,12.0,2026-03-02T06:00:00
PO-100189,munich,SUP-1001,Bosch,PN-SNS-300,Wheel speed sensor,12,,False,2026-02-25 12:00:00,2026-03-02 12:00:00,DSV,IN_TRANSIT,2026-03-02 12:00:00,,2026-03-02 12:00:00,IN_TRANSIT,0.0,LOW,12.0,2026-03-02T06:00:00
PO-100431,munich,SUP-1003,ZF Friedrichshafen,PN-BRK-100,Brake caliper,96,,False,2026-02-23 12:00:00,2026-03-02 12:00:00,,,,,,NO_TRACKING,,MEDIUM,12.0,2026-03-02T06:00:00
PO-100220,munich,SUP-1002,Continental,PN-ALT-200,Alternator,48,,False,2026-02-23 12:00:00,2026-03-02 12:00:00,,,,,,NO_TRACKING,,MEDIUM,12.0,2026-03-02T06:00:00
PO-100237,munich,SUP-1004,Mahle,PN-SNS-300,Wheel speed sensor,96,,False,2026-02-24 13:00:00,2026-03-02 13:00:00,DHL Freight,PICKED_UP,2026-03-02 13:00:00,,2026-03-02 13:00:00,IN_TRANSIT,0.0,LOW,12.0,2026-03-02T06:00:00
PO-100336,munich,SUP-1004,Mahle,PN-LMP-500,Headlamp module,24,,False,2026-02-27 13:00:00,2026-03-02 13:00:00,DB Schenker,PICKED_UP,2026-03-02 13:00:00,,2026-03-02 13:00:00,IN_TRANSIT,0.0,LOW,12.0,2026-03-02T06:00:00
PO-100107,munich,SUP-1004,Mahle,PN-LMP-500,Headlamp module,96,,False,2026-02-27 14:00:00,2026-03-02 14:00:00,Kuehne+Nagel,IN_TRANSIT,2026-03-02 14:00:00,,2026-03-02 14:00:00,IN_TRANSIT,0.0,LOW,12.0,2026-03-02T06:00:00
PO-100132,munich,SUP-1005,Hella,PN-SNS-300,Wheel speed sensor,96,,False,2026-02-24 14:00:00,2026-03-02 14:00:00,DB Schenker,OUT_FOR_DELIVERY,2026-03-02 14:00:00,,2026-03-02 14:00:00,IN_TRANSIT,0.0,LOW,12.0,2026-03-02T06:00:00
PO-100271,munich,SUP-1003,ZF Friedrichshafen,PN-HRN-400,Wiring harness,96,,False,2026-02-27 15:00:00,2026-03-02 15:00:00,Kuehne+Nagel,IN_TRANSIT,2026-03-02 16:00:00,,2026-03-02 16:00:00,IN_TRANSIT,1.0,LOW,12.0,2026-03-02T06:00:00
PO-100293,munich,SUP-1004,Mahle,PN-BRK-100,Brake caliper,48,,False,2026-02-26 15:00:00,2026-03-02 15:00:00,Kuehne+Nagel,OUT_FOR_DELIVERY,2026-03-02 15:00:00,,2026-03-02 15:00:00,IN_TRANSIT,0.0,LOW,12.0,2026-03-02T06:00:00
PO-100436,munich,SUP-1005,Hella,PN-LMP-500,Headlamp module,96,,False,2026-02-27 15:00:00,2026-03-02 15:00:00,DB Schenker,OUT_FOR_DELIVERY,2026-03-02 15:00:00,,2026-03-02 15:00:00,IN_TRANSIT,0.0,LOW,12.0,2026-03-02T06:00:00
PO-100254,munich,SUP-1003,ZF Friedrichshafen,PN-LMP-500,Headlamp module,12,,False,2026-02-25 15:00:00,2026-03-02 15:00:00,Kuehne+Nagel,IN_TRANSIT,2026-03-02 15:00:00,,2026-03-02 15:00:00,IN_TRANSIT,0.0,LOW,12.0,2026-03-02T06:00:00
PO-100375,munich,SUP-1001,Bosch,PN-BRK-100,Brake caliper,12,,False,2026-02-26 15:00:00,2026-03-02 15:00:00,DB Schenker,IN_TRANSIT,2026-03-02 15:00:00,,2026-03-02 15:00:00,IN_TRANSIT,0.0,LOW,12.0,2026-03-02T06:00:00
PO-100459,munich,SUP-1005,Hella,PN-ALT-200,Alternator,24,,False,2026-02-26 06:00:00,2026-03-03 06:00:00,DSV,AT_HUB,2026-03-03 07:00:00,,2026-03-03 07:00:00,IN_TRANSIT,1.0,LOW,12.0,2026-03-02T06:00:00
PO-100006,munich,SUP-1003,ZF Friedrichshafen,PN-BRK-100,Brake caliper,24,,False,2026-02-26 06:00:00,2026-03-03 06:00:00,Kuehne+Nagel,OUT_FOR_DELIVERY,2026-03-03 09:00:00,,2026-03-03 09:00:00,IN_TRANSIT,3.0,LOW,12.0,2026-03-02T06:00:00
PO-100235,munich,SUP-1001,Bosch,PN-BRK-100,Brake caliper,24,,False,2026-02-26 06:00:00,2026-03-03 06:00:00,DHL Freight,IN_TRANSIT,2026-03-03 06:00:00,,2026-03-03 06:00:00,IN_TRANSIT,0.0,LOW,12.0,2026-03-02T06:00:00
PO-100095,munich,SUP-1005,Hella,PN-BRK-100,Brake caliper,144,,False,2026-02-26 07:00:00,2026-03-03 07:00:00,DB Schenker,PICKED_UP,2026-03-03 19:00:00,,2026-03-03 19:00:00,IN_TRANSIT,12.0,HIGH,12.0,2026-03-02T06:00:00
PO-100024,munich,SUP-1002,Continental,PN-SNS-300,Wheel speed sensor,24,,False,2026-02-25 07:00:00,2026-03-03 07:00:00,DSV,IN_TRANSIT,2026-03-03 07:00:00,,2026-03-03 07:00:00,IN_TRANSIT,0.0,LOW,12.0,2026-03-02T06:00:00
PO-100171,munich,SUP-1005,Hella,PN-SNS-300,Wheel speed sensor,144,,False,2026-02-27 07:00:00,2026-03-03 07:00:00,Kuehne+Nagel,IN_TRANSIT,2026-03-03 07:00:00,,2026-03-03 07:00:00,IN_TRANSIT,0.0,LOW,12.0,2026-03-02T06:00:00
PO-100005,munich,SUP-1003,ZF Friedrichshafen,PN-ALT-200,Alternator,48,,False,2026-02-24 07:00:00,2026-03-03 07:00:00,DSV,IN_TRANSIT,2026-03-03 07:00:00,,2026-03-03 07:00:00,IN_TRANSIT,0.0,LOW,12.0,2026-03-02T06:00:00
PO-100135,munich,SUP-1001,Bosch,PN-HRN-400,Wiring harness,48,,False,2026-02-24 07:00:00,2026-03-03 07:00:00,DSV,OUT_FOR_DELIVERY,2026-03-03 07:00:00,,2026-03-03 07:00:00,IN_TRANSIT,0.0,LOW,12.0,2026-03-02T06:00:00
PO-100291,munich,SUP-1004,Mahle,PN-ALT-200,Alternator,24,,False,2026-02-25 08:00:00,2026-03-03 08:00:00,Kuehne+Nagel,AT_HUB,2026-03-03 08:00:00,,2026-03-03 08:00:00,IN_TRANSIT,0.0,LOW,12.0,2026-03-02T06:00:00
PO-100361,munich,SUP-1005,Hella,PN-LMP-500,Headlamp module,96,,False,2026-02-26 08:00:00,2026-03-03 08:00:00,DHL Freight,AT_HUB,2026-03-04 20:00:00,,2026-03-04 20:00:00,IN_TRANSIT,36.0,HIGH,12.0,2026-03-02T06:00:00
PO-100082,munich,SUP-1002,Continental,PN-HRN-400,Wiring harness,144,,False,2026-02-24 09:00:00,2026-03-03 09:00:00,DSV,PICKED_UP,2026-03-03 09:00:00,,2026-03-03 09:00:00,IN_TRANSIT,0.0,LOW,12.0,2026-03-02T06:00:00
PO-100342,munich,SUP-1004,Mahle,PN-LMP-500,Headlamp module,24,,False,2026-02-24 09:00:00,2026-03-03 09:00:00,DHL Freight,AT_HUB,2026-03-04 21:00:00,,2026-03-04 21:00:00,IN_TRANSIT,36.0,HIGH,12.0,2026-03-02T06:00:00
PO-100215,munich,SUP-1003,ZF Friedrichshafen,PN-BRK-100,Brake caliper,48,,False,2026-02-26 10:00:00,2026-03-03 10:00:00,DHL Freight,AT_HUB,2026-03-03 10:00:00,,2026-03-03 10:00:00,IN_TRANSIT,0.0,LOW,12.0,2026-03-02T06:00:00
PO-100438,munich,SUP-1002,Continental,PN-BRK-100,Brake caliper,24,,False,2026-02-25 10:00:00,2026-03-03 10:00:00,DHL Freight,AT_HUB,2026-03-03 10:00:00,,2026-03-03 10:00:00,IN_TRANSIT,0.0,LOW,12.0,2026-03-02T06:00:00
PO-100094,munich,SUP-1005,Hella,PN-HRN-400,Wiring harness,96,,False,2026-02-25 10:00:00,2026-03-03 10:00:00,DB Schenker,OUT_FOR_DELIVERY,2026-03-03 10:00:00,,2026-03-03 10:00:00,IN_TRANSIT,0.0,LOW,12.0,2026-03-02T06:00:00
PO-100147,munich,SUP-1001,Bosch,PN-BRK-100,Brake caliper,144,,False,2026-02-24 10:00:00,2026-03-03 10:00:00,DB Schenker,IN_TRANSIT,2026-03-03 13:00:00,,2026-03-03 13:00:00,IN_TRANSIT,3.0,LOW,12.0,2026-03-02T06:00:00
PO-100437,munich,SUP-1003,ZF Friedrichshafen,PN-BRK-100,Brake caliper,24,,False,2026-02-26 12:00:00,2026-03-03 12:00:00,DB Schenker,PICKED_UP,2026-03-03 12:00:00,,2026-03-03 12:00:00,IN_TRANSIT,0.0,LOW,12.0,2026-03-02T06:00:00
PO-100202,munich,SUP-1003,ZF Friedrichshafen,PN-BRK-100,Brake caliper,48,,False,2026-02-24 12:00:00,2026-03-03 12:00:00,DB Schenker,AT_HUB,2026-03-03 12:00:00,,2026-03-03 12:00:00,IN_TRANSIT,0.0,LOW,12.0,2026-03-02T06:00:00
PO-100207,munich,SUP-1004,Mahle,PN-ALT-200,Alternator,144,,False,2026-02-27 12:00:00,2026-03-03 12:00:00,DB Schenker,AT_HUB,2026-03-04 06:00:00,,2026-03-04 06:00:00,IN_TRANSIT,18.0,HIGH,12.0,2026-03-02T06:00:00
PO-100216,munich,SUP-1004,Mahle,PN-SNS-300,Wheel speed sensor,48,,False,2026-02-24 12:00:00,2026-03-03 12:00:00,DSV,AT_HUB,2026-03-03 12:00:00,,2026-03-03 12:00:00,IN_TRANSIT,0.0,LOW,12.0,2026-03-02T06:00:00
PO-100097,munich,SUP-1002,Continental,PN-BRK-100,Brake caliper,48,,False,2026-02-27 13:00:00,2026-03-03 13:00:00,DHL Freight,IN_TRANSIT,2026-03-03 13:00:00,,2026-03-03 13:00:00,IN_TRANSIT,0.0,LOW,12.0,2026-03-02T06:00:00
PO-100007,munich,SUP-1003,ZF Friedrichshafen,PN-ALT-200,Alternator,24,,False,2026-02-24 14:00:00,2026-03-03 14:00:00,DSV,IN_TRANSIT,2026-03-03 14:00:00,,2026-03-03 14:00:00,IN_TRANSIT,0.0,LOW,12.0,2026-03-02T06:00:00
PO-100497,munich,SUP-1003,ZF Friedrichshafen,PN-ALT-200,Alternator,144,,False,2026-02-26 14:00:00,2026-03-03 14:00:00,DHL Freight,OUT_FOR_DELIVERY,2026-03-05 14:00:00,,2026-03-05 14:00:00,IN_TRANSIT,48.0,HIGH,12.0,2026-03-02T06:00:00
PO-100405,munich,SUP-1003,ZF Friedrichshafen,PN-ALT-200,Alternator,12,,False,2026-02-24 14:00:00,2026-03-03 14:00:00,Kuehne+Nagel,OUT_FOR_DELIVERY,2026-03-03 14:00:00,,2026-03-03 14:00:00,IN_TRANSIT,0.0,LOW,12.0,2026-03-02T06:00:00
PO-100239,munich,SUP-1003,ZF Friedrichshafen,PN-SNS-300,Wheel speed sensor,12,,False,2026-02-24 14:00:00,2026-03-03 14:00:00,Kuehne+Nagel,OUT_FOR_DELIVERY,2026-03-03 14:00:00,,2026-03-03 14:00:00,IN_TRANSIT,0.0,LOW,12.0,2026-03-02T06:00:00
PO-100030,munich,SUP-1001,Bosch,PN-HRN-400,Wiring harness,96,,False,2026-02-27 15:00:00,2026-03-03 15:00:00,DB Schenker,IN_TRANSIT,2026-03-03 15:00:00,,2026-03-03 15:00:00,IN_TRANSIT,0.0,LOW,12.0,2026-03-02T06:00:00
PO-100369,munich,SUP-1001,Bosch,PN-LMP-500,Headlamp module,24,,False,2026-02-27 15:00:00,2026-03-03 15:00:00,DB Schenker,PICKED_UP,2026-03-03 15:00:00,,2026-03-03 15:00:00,IN_TRANSIT,0.0,LOW,12.0,2026-03-02T06:00:00
PO-100344,munich,SUP-1004,Mahle,PN-BRK-100,Brake caliper,24,,False,2026-02-25 15:00:00,2026-03-03 15:00:00,DB Schenker,IN_TRANSIT,2026-03-03 15:00:00,,2026-03-03 15:00:00,IN_TRANSIT,0.0,LOW,12.0,2026-03-02T06:00:00
PO-100340,munich,SUP-1002,Continental,PN-BRK-100,Brake caliper,144,,False,2026-02-26 15:00:00,2026-03-03 15:00:00,DB Schenker,OUT_FOR_DELIVERY,2026-03-03 16:00:00,,2026-03-03 16:00:00,IN_TRANSIT,1.0,LOW,12.0,2026-03-02T06:00:00
PO-100113,munich,SUP-1005,Hella,PN-SNS-300,Wheel speed sensor,24,,False,2026-02-25 15:00:00,2026-03-03 15:00:00,Kuehne+Nagel,OUT_FOR_DELIVERY,2026-03-03 18:00:00,,2026-03-03 18:00:00,IN_TRANSIT,3.0,LOW,12.0,2026-03-02T06:00:00
PO-100261,munich,SUP-1004,Mahle,PN-HRN-400,Wiring harness,96,,False,2026-02-26 06:00:00,2026-03-04 06:00:00,Kuehne+Nagel,AT_HUB,2026-03-04 06:00:00,,2026-03-04 06:00:00,IN_TRANSIT,0.0,LOW,12.0,2026-03-02T06:00:00
PO-100173,munich,SUP-1003,ZF Friedrichshafen,PN-LMP-500,Headlamp module,12,,False,2026-02-26 07:00:00,2026-03-04 07:00:00,DSV,AT_HUB,2026-03-04 07:00:00,,2026-03-04 07:00:00,IN_TRANSIT,0.0,LOW,12.0,2026-03-02T06:00:00
PO-100414,munich,SUP-1002,Continental,PN-BRK-100,Brake caliper,144,,False,2026-02-25 08:00:00,2026-03-04 08:00:00,Kuehne+Nagel,AT_HUB,2026-03-04 08:00:00,,2026-03-04 08:00:00,IN_TRANSIT,0.0,LOW,12.0,2026-03-02T06:00:00
PO-100444,munich,SUP-1002,Continental,PN-SNS-300,Wheel speed sensor,24,,False,2026-02-26 08:00:00,2026-03-04 08:00:00,DSV,AT_HUB,2026-03-04 08:00:00,,2026-03-04 08:00:00,IN_TRANSIT,0.0,LOW,12.0,2026-03-02T06:00:00
PO-100373,munich,SUP-1004,Mahle,PN-ALT-200,Alternator,144,,False,2026-02-25 09:00:00,2026-03-04 09:00:00,DHL Freight,PICKED_UP,2026-03-04 09:00:00,,2026-03-04 09:00:00,IN_TRANSIT,0.0,LOW,12.0,2026-03-02T06:00:00
PO-100064,munich,SUP-1005,Hella,PN-HRN-400,Wiring harness,48,,False,2026-02-25 09:00:00,2026-03-04 09:00:00,Kuehne+Nagel,PICKED_UP,2026-03-04 09:00:00,,2026-03-04 09:00:00,IN_TRANSIT,0.0,LOW,12.0,2026-03-02T06:00:00
PO-100328,munich,SUP-1004,Mahle,PN-LMP-500,Headlamp module,144,,False,2026-02-26 09:00:00,2026-03-04 09:00:00,Kuehne+Nagel,IN_TRANSIT,2026-03-04 09:00:00,,2026-03-04 09:00:00,IN_TRANSIT,0.0,LOW,12.0,2026-03-02T06:00:00
PO-100454,munich,SUP-1004,Mahle,PN-SNS-300,Wheel speed sensor,48,,False,2026-02-27 12:00:00,2026-03-04 12:00:00,Kuehne+Nagel,OUT_FOR_DELIVERY,2026-03-04 12:00:00,,2026-03-04 12:00:00,IN_TRANSIT,0.0,LOW,12.0,2026-03-02T06:00:00
PO-100110,munich,SUP-1004,Mahle,PN-LMP-500,Headlamp module,96,,False,2026-02-25 12:00:00,2026-03-04 12:00:00,DSV,IN_TRANSIT,2026-03-05 06:00:00,,2026-03-05 06:00:00,IN_TRANSIT,18.0,HIGH,12.0,2026-03-02T06:00:00
PO-100349,munich,SUP-1004,Mahle,PN-LMP-500,Headlamp module,12,,False,2026-02-25 13:00:00,2026-03-04 13:00:00,Kuehne+Nagel,IN_TRANSIT,2026-03-04 13:00:00,,2026-03-04 13:00:00,IN_TRANSIT,0.0,LOW,12.0,2026-03-02T06:00:00
PO-100066,munich,SUP-1003,ZF Friedrichshafen,PN-ALT-200,Alternator,48,,False,2026-02-27 13:00:00,2026-03-04 13:00:00,DHL Freight,OUT_FOR_DELIVERY,2026-03-04 13:00:00,,2026-03-04 13:00:00,IN_TRANSIT,0.0,LOW,12.0,2026-03-02T06:00:00
PO-100479,munich,SUP-1003,ZF Friedrichshafen,PN-HRN-400,Wiring harness,96,,False,2026-02-27 14:00:00,2026-03-04 14:00:00,Kuehne+Nagel,IN_TRANSIT,2026-03-04 14:00:00,,2026-03-04 14:00:00,IN_TRANSIT,0.0,LOW,12.0,2026-03-02T06:00:00
PO-100489,munich,SUP-1002,Continental,PN-SNS-300,Wheel speed sensor,12,,False,2026-02-25 15:00:00,2026-03-04 15:00:00,DHL Freight,AT_HUB,2026-03-04 15:00:00,,2026-03-04 15:00:00,IN_TRANSIT,0.0,LOW,12.0,2026-03-02T06:00:00
PO-100213,munich,SUP-1005,Hella,PN-HRN-400,Wiring harness,12,,False,2026-02-25 15:00:00,2026-03-04 15:00:00,DB Schenker,AT_HUB,2026-03-04 15:00:00,,2026-03-04 15:00:00,IN_TRANSIT,0.0,LOW,12.0,2026-03-02T06:00:00
PO-100466,munich,SUP-1004,Mahle,PN-HRN-400,Wiring harness,96,,False,2026-02-26 15:00:00,2026-03-04 15:00:00,DSV,PICKED_UP,2026-03-04 15:00:00,,2026-03-04 15:00:00,IN_TRANSIT,0.0,LOW,12.0,2026-03-02T06:00:00
PO-100447,munich,SUP-1002,Continental,PN-LMP-500,Headlamp module,24,,False,2026-02-26 15:00:00,2026-03-04 15:00:00,DB Schenker,AT_HUB,2026-03-04 15:00:00,,2026-03-04 15:00:00,IN_TRANSIT,0.0,LOW,12.0,2026-03-02T06:00:00
PO-100424,munich,SUP-1004,Mahle,PN-HRN-400,Wiring harness,48,,False,2026-02-25 15:00:00,2026-03-04 15:00:00,DSV,OUT_FOR_DELIVERY,2026-03-04 15:00:00,,2026-03-04 15:00:00,IN_TRANSIT,0.0,LOW,12.0,2026-03-02T06:00:00
PO-100370,munich,SUP-1001,Bosch,PN-ALT-200,Alternator,144,,False,2026-02-27 08:00:00,2026-03-05 08:00:00,DSV,AT_HUB,2026-03-05 08:00:00,,2026-03-05 08:00:00,IN_TRANSIT,0.0,LOW,12.0,2026-03-02T06:00:00
PO-100359,munich,SUP-1001,Bosch,PN-BRK-100,Brake caliper,24,,False,2026-02-26 08:00:00,2026-03-05 08:00:00,,,,,,NO_TRACKING,,MEDIUM,12.0,2026-03-02T06:00:00
PO-100251,munich,SUP-1001,Bosch,PN-LMP-500,Headlamp module,144,,False,2026-02-26 09:00:00,2026-03-05 09:00:00,Kuehne+Nagel,OUT_FOR_DELIVERY,2026-03-05 09:00:00,,2026-03-05 09:00:00,IN_TRANSIT,0.0,LOW,12.0,2026-03-02T06:00:00
PO-100089,munich,SUP-1002,Continental,PN-SNS-300,Wheel speed sensor,48,,False,2026-02-27 10:00:00,2026-03-05 10:00:00,Kuehne+Nagel,PICKED_UP,2026-03-05 10:00:00,,2026-03-05 10:00:00,IN_TRANSIT,0.0,LOW,12.0,2026-03-02T06:00:00
PO-100116,munich,SUP-1005,Hella,PN-HRN-400,Wiring harness,96,,False,2026-02-27 10:00:00,2026-03-05 10:00:00,DB Schenker,PICKED_UP,2026-03-06 10:00:00,,2026-03-06 10:00:00,IN_TRANSIT,24.0,HIGH,12.0,2026-03-02T06:00:00
PO-100032,munich,SUP-1004,Mahle,PN-SNS-300,Wheel speed sensor,24,,False,2026-02-26 10:00:00,2026-03-05 10:00:00,Kuehne+Nagel,AT_HUB,2026-03-05 10:00:00,,2026-03-05 10:00:00,IN_TRANSIT,0.0,LOW,12.0,2026-03-02T06:00:00
PO-100419,munich,SUP-1001,Bosch,PN-BRK-100,Brake caliper,24,,False,2026-02-26 10:00:00,2026-03-05 10:00:00,DB Schenker,PICKED_UP,2026-03-05 10:00:00,,2026-03-05 10:00:00,IN_TRANSIT,0.0,LOW,12.0,2026-03-02T06:00:00
PO-100445,munich,SUP-1004,Mahle,PN-HRN-400,Wiring harness,96,,False,2026-02-27 11:00:00,2026-03-05 11:00:00,Kuehne+Nagel,AT_HUB,2026-03-05 11:00:00,,2026-03-05 11:00:00,IN_TRANSIT,0.0,LOW,12.0,2026-03-02T06:00:00
PO-100257,munich,SUP-1003,ZF Friedrichshafen,PN-BRK-100,Brake caliper,144,,False,2026-02-26 11:00:00,2026-03-05 11:00:00,,,,,,NO_TRACKING,,MEDIUM,12.0,2026-03-02T06:00:00
PO-100136,munich,SUP-1002,Continental,PN-HRN-400,Wiring harness,48,,False,2026-02-27 12:00:00,2026-03-05 12:00:00,DB Schenker,IN_TRANSIT,2026-03-05 12:00:00,,2026-03-05 12:00:00,IN_TRANSIT,0.0,LOW,12.0,2026-03-02T06:00:00
PO-100500,munich,SUP-1004,Mahle,PN-BRK-100,Brake caliper,48,,False,2026-02-26 12:00:00,2026-03-05 12:00:00,DHL Freight,AT_HUB,2026-03-05 12:00:00,,2026-03-05 12:00:00,IN_TRANSIT,0.0,LOW,12.0,2026-03-02T06:00:00
PO-100218,munich,SUP-1002,Continental,PN-SNS-300,Wheel speed sensor,48,,False,2026-02-26 13:00:00,2026-03-05 13:00:00,DB Schenker,OUT_FOR_DELIVERY,2026-03-05 13:00:00,,2026-03-05 13:00:00,IN_TRANSIT,0.0,LOW,12.0,2026-03-02T06:00:00
PO-100416,munich,SUP-1003,ZF Friedrichshafen,PN-SNS-300,Wheel speed sensor,24,,False,2026-02-26 13:00:00,2026-03-05 13:00:00,Kuehne+Nagel,PICKED_UP,2026-03-05 13:00:00,,2026-03-05 13:00:00,IN_TRANSIT,0.0,LOW,12.0,2026-03-02T06:00:00
PO-100120,munich,SUP-1005,Hella,PN-SNS-300,Wheel speed sensor,144,,False,2026-02-26 14:00:00,2026-03-05 14:00:00,DHL Freight,PICKED_UP,2026-03-05 14:00:00,,2026-03-05 14:00:00,IN_TRANSIT,0.0,LOW,12.0,2026-03-02T06:00:00
PO-100277,munich,SUP-1001,Bosch,PN-SNS-300,Wheel speed sensor,144,,False,2026-02-27 14:00:00,2026-03-05 14:00:00,DHL Freight,OUT_FOR_DELIVERY,2026-03-05 17:00:00,,2026-03-05 17:00:00,IN_TRANSIT,3.0,LOW,12.0,2026-03-02T06:00:00
PO-100409,munich,SUP-1004,Mahle,PN-HRN-400,Wiring harness,24,,False,2026-02-26 15:00:00,2026-03-05 15:00:00,Kuehne+Nagel,PICKED_UP,2026-03-06 03:00:00,,2026-03-06 03:00:00,IN_TRANSIT,12.0,HIGH,12.0,2026-03-02T06:00:00
PO-100396,munich,SUP-1003,ZF Friedrichshafen,PN-ALT-200,Alternator,96,,False,2026-02-26 15:00:00,2026-03-05 15:00:00,DB Schenker,AT_HUB,2026-03-06 15:00:00,,2026-03-06 15:00:00,IN_TRANSIT,24.0,HIGH,12.0,2026-03-02T06:00:00
PO-100035,munich,SUP-1004,Mahle,PN-ALT-200,Alternator,96,,False,2026-02-27 08:00:00,2026-03-06 08:00:00,DHL Freight,OUT_FOR_DELIVERY,2026-03-06 08:00:00,,2026-03-06 08:00:00,IN_TRANSIT,0.0,LOW,12.0,2026-03-02T06:00:00
PO-100190,munich,SUP-1003,ZF Friedrichshafen,PN-BRK-100,Brake caliper,12,,False,2026-02-27 09:00:00,2026-03-06 09:00:00,DHL Freight,IN_TRANSIT,2026-03-06 09:00:00,,2026-03-06 09:00:00,IN_TRANSIT,0.0,LOW,12.0,2026-03-02T06:00:00
PO-100055,munich,SUP-1001,Bosch,PN-ALT-200,Alternator,96,,False,2026-02-27 10:00:00,2026-03-06 10:00:00,DSV,IN_TRANSIT,2026-03-06 10:00:00,,2026-03-06 10:00:00,IN_TRANSIT,0.0,LOW,12.0,2026-03-02T06:00:00
PO-100471,munich,SUP-1005,Hella,PN-ALT-200,Alternator,144,,False,2026-02-27 11:00:00,2026-03-06 11:00:00,Kuehne+Nagel,PICKED_UP,2026-03-06 11:00:00,,2026-03-06 11:00:00,IN_TRANSIT,0.0,LOW,12.0,2026-03-02T06:00:00
PO-100236,munich,SUP-1002,Continental,PN-SNS-300,Wheel speed sensor,48,,False,2026-02-27 13:00:00,2026-03-06 13:00:00,Kuehne+Nagel,OUT_FOR_DELIVERY,2026-03-06 13:00:00,,2026-03-06 13:00:00,IN_TRANSIT,0.0,LOW,12.0,2026-03-02T06:00:00
PO-100354,munich,SUP-1002,Continental,PN-LMP-500,Headlamp module,12,,False,2026-02-27 13:00:00,2026-03-06 13:00:00,DSV,AT_HUB,2026-03-06 13:00:00,,2026-03-06 13:00:00,IN_TRANSIT,0.0,LOW,12.0,2026-03-02T06:00:00
PO-100211,munich,SUP-1001,Bosch,PN-LMP-500,Headlamp module,144,,False,2026-02-27 14:00:00,2026-03-06 14:00:00,DSV,IN_TRANSIT,2026-03-06 14:00:00,,2026-03-06 14:00:00,IN_TRANSIT,0.0,LOW,12.0,2026-03-02T06:00:00
